Game Turn, Event, Attacker, Unit, Defender, Unit, Mayhem, Current Total
227, Barb Combat, 1, District, 63, UNIT_MAN_AT_ARMS, 0.5, 1150.0
227, Combat, 8, District, 0, UNIT_ARCHER, 1.0, 1151.0
227, Barb Combat, 63, UNIT_SPEARMAN, 6, UNIT_PIKEMAN, 0.5, 1151.5
227, Barb Combat, 63, UNIT_MUSKETMAN, 6, UNIT_PIKEMAN, 0.5, 1152.0
227, Barb Death, 63, UNIT_MUSKETMAN, 6, UNIT_PIKEMAN, 0.5, 1152.5
227, Barb Combat, 63, UNIT_TREBUCHET, 11, UNIT_MAN_AT_ARMS, 0.5, 1153.0
228, Combat, 0, UNIT_ARCHER, 8, District, 1.0, 1154.0
228, Combat, 2, UNIT_APOSTLE, 3, UNIT_APOSTLE, 1.0, 1155.0
228, Combat, 3, UNIT_APOSTLE, 2, UNIT_APOSTLE, 1.0, 1156.0
228, Barb Combat, 63, UNIT_TREBUCHET, 11, UNIT_MAN_AT_ARMS, 0.5, 1156.5
228, Barb Death, 63, UNIT_TREBUCHET, 11, UNIT_MAN_AT_ARMS, 0.5, 1157.0
229, Combat, 0, UNIT_ARCHER, 8, District, 1.0, 1158.0
229, Combat, 0, UNIT_ARCHER, 8, District, 1.0, 1159.0
229, Barb Combat, 1, District, 63, UNIT_PIKEMAN, 0.5, 1159.5
229, Combat, 2, UNIT_APOSTLE, 3, UNIT_APOSTLE, 1.0, 1160.5
229, Combat, 3, UNIT_APOSTLE, 2, UNIT_APOSTLE, 1.0, 1161.5
229, Death, 3, UNIT_APOSTLE, 2, UNIT_APOSTLE, 1.0, 1162.5
229, Improvement Pillaged, -1, , 1, IMPROVEMENT_CAMP, 1.0, 1163.5
230, Combat, 0, UNIT_ARCHER, 8, District, 1.0, 1164.5
230, Combat, 0, UNIT_ARCHER, 8, District, 1.0, 1165.5
230, Barb Combat, 1, District, 63, UNIT_PIKEMAN, 0.5, 1166.0
230, Barb Combat, 1, District, 63, UNIT_PIKEMAN, 0.5, 1166.5
230, Building Pillaged, -1, , 1, BUILDING_LIBRARY, 2.0, 1168.5
231, Combat, 0, UNIT_ARCHER, 8, District, 1.0, 1169.5
231, Combat, 0, UNIT_ARCHER, 8, District, 1.0, 1170.5
231, Barb Combat, 1, District, 63, UNIT_PIKEMAN, 0.5, 1171.0
231, Death, 1, DISTRICT_CITY_CENTER, 63, UNIT_PIKEMAN, 1.0, 1172.0
232, Barb Combat, 1, District, 63, UNIT_PIKEMAN, 0.5, 1172.5
233, Barb Combat, 1, District, 63, UNIT_PIKEMAN, 0.5, 1173.0
233, Barb Combat, 63, UNIT_TREBUCHET, 11, UNIT_TREBUCHET, 0.5, 1173.5
233, Barb Combat, 63, UNIT_MUSKETMAN, 5, UNIT_PIKEMAN, 0.5, 1174.0
234, Barb Combat, 0, District, 63, UNIT_GALLEY, 0.5, 1174.5
234, Combat, 0, UNIT_NORWEGIAN_BERSERKER, 8, District, 1.0, 1175.5
234, Declare war, 1, , 2, , 2.0, 1177.5
234, Declare war, 13, , 1, , 2.0, 1179.5
234, Declare war, 14, , 13, , 2.0, 1181.5
234, Declare war, 14, , 2, , 2.0, 1183.5
234, Declare war, 13, , 14, , 2.0, 1185.5
234, Declare war, 5, , 2, , 2.0, 1187.5
234, Declare war, 11, , 2, , 2.0, 1189.5
234, Declare war, 13, , 11, , 2.0, 1191.5
234, Declare war, 13, , 5, , 2.0, 1193.5
234, Declare war, 11, , 13, , 2.0, 1195.5
234, Denounce Player, 2, , 0, , 1.0, 1196.5
234, Barb Combat, 63, UNIT_CROSSBOWMAN, 7, UNIT_TREBUCHET, 0.5, 1197.0
235, Combat, 0, UNIT_NORWEGIAN_BERSERKER, 8, District, 1.0, 1198.0
235, Barb Combat, 7, UNIT_TREBUCHET, 63, UNIT_SCOUT, 0.5, 1198.5
235, Combat, 14, UNIT_PIKEMAN, 2, UNIT_SCOUT, 1.0, 1199.5
235, Death, 14, UNIT_PIKEMAN, 2, UNIT_SCOUT, 1.0, 1200.5
235, Barb Combat, 63, UNIT_CROSSBOWMAN, 7, UNIT_TREBUCHET, 0.5, 1201.0
236, Barb Combat, 1, District, 63, UNIT_PIKEMAN, 0.5, 1201.5
236, Barb Combat, 63, UNIT_CROSSBOWMAN, 11, UNIT_GALLEY, 0.5, 1202.0
236, Barb Death, 63, UNIT_CROSSBOWMAN, 11, UNIT_GALLEY, 0.5, 1202.5
237, Combat, 0, UNIT_NORWEGIAN_BERSERKER, 8, District, 1.0, 1203.5
237, Barb Combat, 1, District, 63, UNIT_PIKEMAN, 0.5, 1204.0
237, Death, 1, DISTRICT_CITY_CENTER, 63, UNIT_PIKEMAN, 1.0, 1205.0
237, Combat, 8, UNIT_CROSSBOWMAN, 0, UNIT_ARCHER, 1.0, 1206.0
237, Barb Combat, 63, UNIT_CROSSBOWMAN, 7, UNIT_TREBUCHET, 0.5, 1206.5
238, Combat, 8, UNIT_CROSSBOWMAN, 0, UNIT_ARCHER, 1.0, 1207.5
238, Death, 8, UNIT_CROSSBOWMAN, 0, UNIT_ARCHER, 1.0, 1208.5
238, Barb Combat, 63, UNIT_TREBUCHET, 2, UNIT_KNIGHT, 0.5, 1209.0
238, Barb Combat, 63, UNIT_CROSSBOWMAN, 2, UNIT_KNIGHT, 0.5, 1209.5
239, Barb Combat, 2, UNIT_KNIGHT, 63, UNIT_TREBUCHET, 0.5, 1210.0
239, Barb Combat, 63, UNIT_TREBUCHET, 2, UNIT_KNIGHT, 0.5, 1210.5
239, Barb Combat, 63, UNIT_CROSSBOWMAN, 2, UNIT_KNIGHT, 0.5, 1211.0
239, Barb Death, 63, UNIT_CROSSBOWMAN, 2, UNIT_KNIGHT, 0.5, 1211.5
239, Barb Combat, 63, UNIT_MUSKETMAN, 5, UNIT_PIKEMAN, 0.5, 1212.0
239, Barb Death, 63, UNIT_MUSKETMAN, 5, UNIT_PIKEMAN, 0.5, 1212.5
243, Combat, 0, UNIT_MUSKETMAN, 8, District, 1.0, 1213.5
243, Unit Capture, 63, UNIT_MUSKETMAN, 3, UNIT_SETTLER, 1.0, 1214.5
244, Combat, 0, UNIT_MUSKETMAN, 8, District, 1.0, 1215.5
245, Unit Capture, 0, UNIT_MUSKETMAN, 1, UNIT_SETTLER, 1.0, 1216.5
245, Combat, 0, UNIT_MUSKETMAN, 8, District, 1.0, 1217.5
245, Barb Combat, 3, District, 63, UNIT_MUSKETMAN, 0.5, 1218.0
246, Denounce Player, 1, , 3, , 1.0, 1219.0
246, Barb Combat, 3, District, 63, UNIT_MUSKETMAN, 0.5, 1219.5
246, Barb Combat, 7, UNIT_TREBUCHET, 63, UNIT_TREBUCHET, 0.5, 1220.0
247, Barb Combat, 3, District, 63, UNIT_MUSKETMAN, 0.5, 1220.5
247, Barb Combat, 4, UNIT_KNIGHT, 63, UNIT_MUSKETMAN, 0.5, 1221.0
247, Building Pillaged, -1, , 4, BUILDING_CATHEDRAL, 2.0, 1223.0
248, Barb Combat, 3, District, 63, UNIT_MUSKETMAN, 0.5, 1223.5
248, Barb Combat, 4, UNIT_BOMBARD, 63, UNIT_MUSKETMAN, 0.5, 1224.0
248, Barb Combat, 7, UNIT_TREBUCHET, 63, UNIT_CROSSBOWMAN, 0.5, 1224.5
248, Building Pillaged, -1, , 3, BUILDING_WAT, 2.0, 1226.5
248, Building Pillaged, -1, , 4, BUILDING_TEMPLE, 2.0, 1228.5
249, Denounce Player, 3, , 0, , 1.0, 1229.5
249, Barb Combat, 3, District, 63, UNIT_MUSKETMAN, 0.5, 1230.0
249, Denounce Player, 4, , 0, , 1.0, 1231.0
249, Barb Combat, 4, UNIT_BOMBARD, 63, UNIT_MUSKETMAN, 0.5, 1231.5
249, Barb Combat, 4, UNIT_MUSKETMAN, 63, UNIT_MUSKETMAN, 0.5, 1232.0
249, Barb Death, 4, UNIT_MUSKETMAN, 63, UNIT_MUSKETMAN, 0.5, 1232.5
249, Building Pillaged, -1, , 3, BUILDING_TEMPLE, 2.0, 1234.5
250, Barb Combat, 3, District, 63, UNIT_MUSKETMAN, 0.5, 1235.0
250, Barb Combat, 4, UNIT_KNIGHT, 63, UNIT_MUSKETMAN, 0.5, 1235.5
250, Building Pillaged, -1, , 3, BUILDING_SHRINE, 2.0, 1237.5
250, Barb Combat, 63, UNIT_MUSKETMAN, 4, UNIT_KNIGHT, 0.5, 1238.0
251, Declare war, 13, , 0, , 2.0, 1240.0
251, Declare war, 13, , 2, , 2.0, 1242.0
251, Barb Combat, 3, District, 63, UNIT_MUSKETMAN, 0.5, 1242.5
251, Barb Combat, 4, UNIT_BOMBARD, 63, UNIT_MUSKETMAN, 0.5, 1243.0
251, District Pillaged, -1, , 3, DISTRICT_HOLY_SITE, 2.0, 1245.0
252, Barb Combat, 3, District, 63, UNIT_MUSKETMAN, 0.5, 1245.5
253, Barb Combat, 3, District, 63, UNIT_MUSKETMAN, 0.5, 1246.0
253, Death, 3, DISTRICT_CITY_CENTER, 63, UNIT_MUSKETMAN, 1.0, 1247.0
253, Barb Combat, 4, UNIT_MUSKETMAN, 63, UNIT_MUSKETMAN, 0.5, 1247.5
253, Barb Death, 4, UNIT_MUSKETMAN, 63, UNIT_MUSKETMAN, 0.5, 1248.0
254, Barb Combat, 4, UNIT_MUSKETMAN, 63, UNIT_MUSKETMAN, 0.5, 1248.5
254, Barb Death, 4, UNIT_MUSKETMAN, 63, UNIT_MUSKETMAN, 0.5, 1249.0
254, Denounce Player, 5, , 0, , 1.0, 1250.0
256, Combat, 2, District, 5, UNIT_CHINESE_CROUCHING_TIGER, 1.0, 1251.0
256, Barb Combat, 63, UNIT_TREBUCHET, 7, UNIT_TREBUCHET, 0.5, 1251.5
256, Barb Combat, 63, UNIT_CROSSBOWMAN, 7, UNIT_TREBUCHET, 0.5, 1252.0
257, Combat, 2, District, 5, UNIT_CHINESE_CROUCHING_TIGER, 1.0, 1253.0
257, Unit Capture, 4, UNIT_KNIGHT, 63, UNIT_BUILDER, 1.0, 1254.0
257, Barb Combat, 4, UNIT_KNIGHT, 63, UNIT_SPEARMAN, 0.5, 1254.5
257, Barb Death, 4, UNIT_KNIGHT, 63, UNIT_SPEARMAN, 0.5, 1255.0
257, Barb Combat, 63, UNIT_TREBUCHET, 7, UNIT_TREBUCHET, 0.5, 1255.5
257, Barb Combat, 63, UNIT_CROSSBOWMAN, 7, UNIT_TREBUCHET, 0.5, 1256.0
258, Combat, 2, UNIT_INQUISITOR, 3, UNIT_MISSIONARY, 1.0, 1257.0
258, Barb Combat, 4, UNIT_KNIGHT, 63, UNIT_SCOUT, 0.5, 1257.5
258, Barb Death, 4, UNIT_KNIGHT, 63, UNIT_SCOUT, 0.5, 1258.0
258, Barb Combat, 63, UNIT_TREBUCHET, 7, UNIT_TREBUCHET, 0.5, 1258.5
258, Barb Combat, 63, UNIT_CROSSBOWMAN, 7, UNIT_TREBUCHET, 0.5, 1259.0
258, Barb Combat, 63, UNIT_CROSSBOWMAN, 7, UNIT_TREBUCHET, 0.5, 1259.5
258, Barb Death, 63, UNIT_CROSSBOWMAN, 7, UNIT_TREBUCHET, 0.5, 1260.0
260, Unit Capture, 1, UNIT_SPEARMAN, 0, UNIT_SETTLER, 1.0, 1261.0
260, Combat, 2, UNIT_INQUISITOR, 3, UNIT_MISSIONARY, 1.0, 1262.0
261, Combat, 2, District, 5, UNIT_CHINESE_CROUCHING_TIGER, 1.0, 1263.0
261, Improvement Pillaged, -1, , 0, IMPROVEMENT_FISHING_BOATS, 1.0, 1264.0
262, Barb Combat, 1, District, 63, UNIT_MAN_AT_ARMS, 0.5, 1264.5
262, Combat, 2, District, 5, UNIT_CHINESE_CROUCHING_TIGER, 1.0, 1265.5
262, Barb Combat, 3, District, 63, UNIT_MUSKETMAN, 0.5, 1266.0
262, Improvement Pillaged, -1, , 2, IMPROVEMENT_PLANTATION, 1.0, 1267.0
262, Improvement Pillaged, -1, , 3, IMPROVEMENT_KURGAN, 1.0, 1268.0
263, Unit Capture, 0, UNIT_KNIGHT, 1, UNIT_BUILDER, 1.0, 1269.0
263, Combat, 1, District, 0, UNIT_KNIGHT, 1.0, 1270.0
263, Combat, 1, UNIT_APOSTLE, 3, UNIT_MISSIONARY, 1.0, 1271.0
263, Combat, 2, District, 5, UNIT_CHINESE_CROUCHING_TIGER, 1.0, 1272.0
263, Barb Combat, 3, District, 63, UNIT_MUSKETMAN, 0.5, 1272.5
264, District Pillaged, -1, , 1, DISTRICT_THEATER, 2.0, 1274.5
264, Unit Capture, 63, UNIT_MUSKETMAN, 3, UNIT_SETTLER, 1.0, 1275.5
265, Barb Combat, 0, District, 63, UNIT_GALLEY, 0.5, 1276.0
265, Death, 0, DISTRICT_CITY_CENTER, 63, UNIT_GALLEY, 1.0, 1277.0
265, Combat, 2, UNIT_INQUISITOR, 3, UNIT_MISSIONARY, 1.0, 1278.0
265, Death, 2, UNIT_INQUISITOR, 3, UNIT_MISSIONARY, 1.0, 1279.0
265, Barb Combat, 3, District, 63, UNIT_MUSKETMAN, 0.5, 1279.5
266, Barb Combat, 3, District, 63, UNIT_MUSKETMAN, 0.5, 1280.0
266, Unit Capture, 63, UNIT_GALLEY, 0, UNIT_BUILDER, 1.0, 1281.0
267, Combat, 2, District, 5, UNIT_CHINESE_CROUCHING_TIGER, 1.0, 1282.0
267, Combat, 2, UNIT_BIPLANE, 5, UNIT_CHINESE_CROUCHING_TIGER, 1.0, 1283.0
267, Death, 2, UNIT_BIPLANE, 5, UNIT_CHINESE_CROUCHING_TIGER, 1.0, 1284.0
268, Barb Combat, 0, District, 63, UNIT_GALLEY, 0.5, 1284.5
268, Improvement Pillaged, -1, , 0, IMPROVEMENT_FISHING_BOATS, 1.0, 1285.5
269, Barb Combat, 0, District, 63, UNIT_GALLEY, 0.5, 1286.0
270, Combat, 2, UNIT_BIPLANE, 5, UNIT_CHINESE_CROUCHING_TIGER, 1.0, 1287.0
270, Death, 2, UNIT_BIPLANE, 5, UNIT_CHINESE_CROUCHING_TIGER, 1.0, 1288.0
272, Unit Capture, 0, UNIT_KNIGHT, 63, UNIT_BUILDER, 1.0, 1289.0
272, Barb Combat, 7, District, 63, UNIT_MUSKETMAN, 0.5, 1289.5
272, Barb Combat, 7, UNIT_CROSSBOWMAN, 63, UNIT_MUSKETMAN, 0.5, 1290.0
272, Improvement Pillaged, -1, , 7, IMPROVEMENT_PLANTATION, 1.0, 1291.0
273, Barb Combat, 7, District, 63, UNIT_MUSKETMAN, 0.5, 1291.5
273, Barb Combat, 7, UNIT_CROSSBOWMAN, 63, UNIT_MUSKETMAN, 0.5, 1292.0
273, Unit Capture, 63, UNIT_GALLEY, 0, UNIT_BUILDER, 1.0, 1293.0
274, Denounce Player, 1, , 0, , 1.0, 1294.0
274, Barb Combat, 3, District, 63, UNIT_CROSSBOWMAN, 0.5, 1294.5
274, Barb Combat, 7, District, 63, UNIT_MUSKETMAN, 0.5, 1295.0
274, Improvement Pillaged, -1, , 7, IMPROVEMENT_MINE, 1.0, 1296.0
275, Barb Combat, 0, District, 63, UNIT_GALLEY, 0.5, 1296.5
275, Barb Combat, 3, District, 63, UNIT_CROSSBOWMAN, 0.5, 1297.0
275, Barb Combat, 7, District, 63, UNIT_MUSKETMAN, 0.5, 1297.5
275, Death, 7, DISTRICT_CITY_CENTER, 63, UNIT_MUSKETMAN, 1.0, 1298.5
275, Building Pillaged, -1, , 3, BUILDING_SHRINE, 2.0, 1300.5
275, Barb Combat, 63, UNIT_MUSKETMAN, 7, UNIT_CROSSBOWMAN, 0.5, 1301.0
276, Declare war, 0, , 1, , 4.0, 1305.0
276, Declare war, 14, , 0, , 2.0, 1307.0
276, Combat, 0, UNIT_KNIGHT, 1, District, 1.0, 1308.0
276, Combat, 1, District, 0, UNIT_KNIGHT, 1.0, 1309.0
276, Combat, 1, District, 0, UNIT_KNIGHT, 1.0, 1310.0
276, Barb Combat, 3, District, 63, UNIT_CROSSBOWMAN, 0.5, 1310.5
276, Barb Combat, 7, UNIT_CROSSBOWMAN, 63, UNIT_MUSKETMAN, 0.5, 1311.0
276, District Pillaged, -1, , 3, DISTRICT_HOLY_SITE, 2.0, 1313.0
276, Barb Combat, 63, UNIT_CROSSBOWMAN, 7, UNIT_CROSSBOWMAN, 0.5, 1313.5
276, Barb Death, 63, UNIT_CROSSBOWMAN, 7, UNIT_CROSSBOWMAN, 0.5, 1314.0
277, Combat, 0, UNIT_KNIGHT, 1, District, 1.0, 1315.0
277, Denounce Player, 1, , 3, , 1.0, 1316.0
277, Combat, 1, District, 0, UNIT_KNIGHT, 1.0, 1317.0
277, Death, 1, DISTRICT_CITY_CENTER, 0, UNIT_KNIGHT, 1.0, 1318.0
277, Combat, 1, District, 0, UNIT_KNIGHT, 1.0, 1319.0
277, Barb Combat, 3, District, 63, UNIT_CROSSBOWMAN, 0.5, 1319.5
277, Death, 3, DISTRICT_CITY_CENTER, 63, UNIT_CROSSBOWMAN, 1.0, 1320.5
278, Combat, 0, UNIT_KNIGHT, 1, District, 1.0, 1321.5
278, Combat, 1, District, 0, UNIT_KNIGHT, 1.0, 1322.5
278, Barb Combat, 3, District, 63, UNIT_MUSKETMAN, 0.5, 1323.0
279, Combat, 0, UNIT_KNIGHT, 1, District, 1.0, 1324.0
279, Combat, 0, UNIT_KNIGHT, 1, District, 1.0, 1325.0
279, Combat, 1, District, 0, UNIT_KNIGHT, 1.0, 1326.0
279, Combat, 1, District, 0, UNIT_KNIGHT, 1.0, 1327.0
279, Combat, 2, UNIT_INQUISITOR, 3, UNIT_MISSIONARY, 1.0, 1328.0
279, Combat, 2, UNIT_INQUISITOR, 3, UNIT_MISSIONARY, 1.0, 1329.0
279, Death, 2, UNIT_INQUISITOR, 3, UNIT_MISSIONARY, 1.0, 1330.0
280, Combat, 2, UNIT_BIPLANE, 14, UNIT_TREBUCHET, 1.0, 1331.0
280, Death, 2, UNIT_BIPLANE, 14, UNIT_TREBUCHET, 1.0, 1332.0
280, Denounce Player, 3, , 0, , 1.0, 1333.0
280, Barb Combat, 3, District, 63, UNIT_MUSKETMAN, 0.5, 1333.5
280, Denounce Player, 4, , 0, , 1.0, 1334.5
280, Denounce Player, 5, , 2, , 1.0, 1335.5
281, Combat, 2, UNIT_BIPLANE, 14, UNIT_PIKEMAN, 1.0, 1336.5
281, Death, 2, UNIT_BIPLANE, 14, UNIT_PIKEMAN, 1.0, 1337.5
281, Barb Combat, 3, District, 63, UNIT_MUSKETMAN, 0.5, 1338.0
282, Combat, 2, UNIT_INQUISITOR, 3, UNIT_MISSIONARY, 1.0, 1339.0
282, Combat, 2, UNIT_INQUISITOR, 3, UNIT_MISSIONARY, 1.0, 1340.0
282, Death, 2, UNIT_INQUISITOR, 3, UNIT_MISSIONARY, 1.0, 1341.0
282, Barb Combat, 3, District, 63, UNIT_MUSKETMAN, 0.5, 1341.5
284, Combat, 1, District, 0, UNIT_KNIGHT, 1.0, 1342.5
285, Combat, 0, UNIT_KNIGHT, 1, District, 1.0, 1343.5
285, Combat, 0, UNIT_KNIGHT, 1, District, 1.0, 1344.5
285, Combat, 1, District, 0, UNIT_KNIGHT, 1.0, 1345.5
285, Combat, 1, District, 0, UNIT_KNIGHT, 1.0, 1346.5
285, Denounce Player, 5, , 0, , 1.0, 1347.5
285, Barb Combat, 13, UNIT_PIKEMAN, 63, UNIT_MUSKETMAN, 0.5, 1348.0
285, Barb Combat, 63, UNIT_MUSKETMAN, 13, UNIT_PIKEMAN, 0.5, 1348.5
286, Combat, 0, UNIT_KNIGHT, 1, District, 1.0, 1349.5
286, Combat, 1, District, 0, UNIT_KNIGHT, 1.0, 1350.5
287, Combat, 0, UNIT_KNIGHT, 1, District, 1.0, 1351.5
287, Combat, 0, UNIT_KNIGHT, 1, District, 1.0, 1352.5
287, Combat, 1, District, 0, UNIT_KNIGHT, 1.0, 1353.5
287, Combat, 1, District, 0, UNIT_KNIGHT, 1.0, 1354.5
287, Combat, 2, UNIT_BIPLANE, 14, UNIT_CROSSBOWMAN, 1.0, 1355.5
287, Death, 2, UNIT_BIPLANE, 14, UNIT_CROSSBOWMAN, 1.0, 1356.5
288, Building Pillaged, -1, , 1, BUILDING_LIBRARY, 2.0, 1358.5
288, Improvement Pillaged, -1, , 1, IMPROVEMENT_FARM, 1.0, 1359.5
288, Improvement Pillaged, -1, , 1, IMPROVEMENT_PLANTATION, 1.0, 1360.5
288, Unit Capture, 0, UNIT_KNIGHT, 1, UNIT_BUILDER, 1.0, 1361.5
288, Combat, 0, UNIT_KNIGHT, 1, District, 1.0, 1362.5
288, Combat, 1, District, 0, UNIT_KNIGHT, 1.0, 1363.5
288, Combat, 1, District, 0, UNIT_KNIGHT, 1.0, 1364.5
288, Death, 1, DISTRICT_ENCAMPMENT, 0, UNIT_KNIGHT, 1.0, 1365.5
288, Barb Combat, 63, UNIT_TREBUCHET, 7, UNIT_BOMBARD, 0.5, 1366.0
288, Barb Combat, 63, UNIT_CROSSBOWMAN, 7, UNIT_BOMBARD, 0.5, 1366.5
288, Barb Combat, 63, UNIT_CROSSBOWMAN, 7, UNIT_BOMBARD, 0.5, 1367.0
289, District Pillaged, -1, , 1, DISTRICT_CAMPUS, 2.0, 1369.0
289, Combat, 0, UNIT_KNIGHT, 1, District, 1.0, 1370.0
289, Combat, 1, District, 0, UNIT_KNIGHT, 1.0, 1371.0
289, Combat, 1, District, 0, UNIT_KNIGHT, 1.0, 1372.0
290, Unit Capture, 0, UNIT_KNIGHT, 1, UNIT_SETTLER, 1.0, 1373.0
290, Combat, 0, UNIT_MUSKETMAN, 1, District, 1.0, 1374.0
290, Combat, 1, District, 0, UNIT_KNIGHT, 1.0, 1375.0
290, Combat, 1, District, 0, UNIT_KNIGHT, 1.0, 1376.0
290, Barb Combat, 63, UNIT_MUSKETMAN, 13, UNIT_BOMBARD, 0.5, 1376.5
290, Barb Death, 13, UNIT_BOMBARD, 63, UNIT_MUSKETMAN, 0.5, 1377.0
291, Combat, 0, UNIT_MUSKETMAN, 1, District, 1.0, 1378.0
291, Combat, 1, District, 0, UNIT_MUSKETMAN, 1.0, 1379.0
291, Combat, 1, District, 0, UNIT_KNIGHT, 1.0, 1380.0
292, Combat, 0, UNIT_KNIGHT, 1, District, 1.0, 1381.0
292, Combat, 0, UNIT_MUSKETMAN, 1, District, 1.0, 1382.0
292, Combat, 1, District, 0, UNIT_MUSKETMAN, 1.0, 1383.0
292, Combat, 1, District, 0, UNIT_KNIGHT, 1.0, 1384.0
292, Combat, 4, UNIT_INQUISITOR, 3, UNIT_MISSIONARY, 1.0, 1385.0
292, Barb Combat, 7, UNIT_MUSKETMAN, 63, UNIT_CROSSBOWMAN, 0.5, 1385.5
292, Barb Combat, 63, UNIT_CROSSBOWMAN, 7, UNIT_BOMBARD, 0.5, 1386.0
292, Barb Death, 63, UNIT_CROSSBOWMAN, 7, UNIT_BOMBARD, 0.5, 1386.5
293, Combat, 0, UNIT_KNIGHT, 1, District, 1.0, 1387.5
293, Combat, 0, UNIT_KNIGHT, 1, District, 1.0, 1388.5
293, Combat, 1, District, 0, UNIT_KNIGHT, 1.0, 1389.5
293, Death, 1, DISTRICT_CITY_CENTER, 0, UNIT_KNIGHT, 1.0, 1390.5
293, Combat, 1, District, 0, UNIT_KNIGHT, 1.0, 1391.5
293, Combat, 4, UNIT_INQUISITOR, 1, UNIT_MISSIONARY, 1.0, 1392.5
293, Barb Combat, 63, UNIT_MUSKETMAN, 13, UNIT_BOMBARD, 0.5, 1393.0
294, Combat, 0, UNIT_SCOUT, 1, District, 1.0, 1394.0
294, Death, 1, DISTRICT_CITY_CENTER, 0, UNIT_SCOUT, 1.0, 1395.0
294, Combat, 0, UNIT_MUSKETMAN, 1, District, 1.0, 1396.0
294, Combat, 1, District, 0, UNIT_KNIGHT, 1.0, 1397.0
294, Combat, 1, District, 0, UNIT_KNIGHT, 1.0, 1398.0
294, Barb Combat, 63, UNIT_MUSKETMAN, 13, UNIT_BOMBARD, 0.5, 1398.5
294, Barb Death, 63, UNIT_MUSKETMAN, 13, UNIT_BOMBARD, 0.5, 1399.0
295, Combat, 0, UNIT_KNIGHT, 1, District, 1.0, 1400.0
295, Combat, 0, UNIT_KNIGHT, 1, District, 1.0, 1401.0
295, Combat, 0, UNIT_MUSKETMAN, 1, District, 1.0, 1402.0
295, Combat, 0, UNIT_KNIGHT, 1, District, 1.0, 1403.0
295, Combat, 1, District, 0, UNIT_KNIGHT, 1.0, 1404.0
295, Death, 1, DISTRICT_CITY_CENTER, 0, UNIT_KNIGHT, 1.0, 1405.0
295, Combat, 1, District, 0, UNIT_KNIGHT, 1.0, 1406.0
295, District Pillaged, -1, , 0, DISTRICT_AQUEDUCT, 2.0, 1408.0
295, Improvement Pillaged, -1, , 0, IMPROVEMENT_FARM, 1.0, 1409.0
296, Improvement Pillaged, -1, , 1, IMPROVEMENT_FARM, 1.0, 1410.0
296, Combat, 1, District, 0, UNIT_MUSKETMAN, 1.0, 1411.0
296, Combat, 1, District, 0, UNIT_KNIGHT, 1.0, 1412.0
297, Combat, 0, UNIT_MUSKETMAN, 1, District, 1.0, 1413.0
297, Combat, 1, District, 0, UNIT_MUSKETMAN, 1.0, 1414.0
297, Combat, 1, District, 0, UNIT_MUSKETMAN, 1.0, 1415.0
297, Barb Combat, 1, District, 63, UNIT_ARCHER, 0.5, 1415.5
297, Death, 1, DISTRICT_CITY_CENTER, 63, UNIT_ARCHER, 1.0, 1416.5
297, Barb Combat, 1, District, 63, UNIT_MUSKETMAN, 0.5, 1417.0
297, Improvement Pillaged, -1, , 0, IMPROVEMENT_MINE, 1.0, 1418.0
298, Improvement Pillaged, -1, , 1, IMPROVEMENT_FARM, 1.0, 1419.0
298, Combat, 0, UNIT_MUSKETMAN, 1, District, 1.0, 1420.0
298, Combat, 1, District, 0, UNIT_MUSKETMAN, 1.0, 1421.0
298, Combat, 4, UNIT_INQUISITOR, 3, UNIT_MISSIONARY, 1.0, 1422.0
298, Death, 4, UNIT_INQUISITOR, 3, UNIT_MISSIONARY, 1.0, 1423.0
298, Barb Combat, 5, UNIT_CHINESE_CROUCHING_TIGER, 63, UNIT_MUSKETMAN, 0.5, 1423.5
298, Barb Combat, 63, UNIT_MUSKETMAN, 5, UNIT_CHINESE_CROUCHING_TIGER, 0.5, 1424.0
299, Combat, 0, UNIT_MUSKETMAN, 1, District, 1.0, 1425.0
299, Combat, 0, UNIT_KNIGHT, 1, District, 1.0, 1426.0
299, Combat, 1, District, 0, UNIT_MUSKETMAN, 1.0, 1427.0
299, Combat, 1, District, 0, UNIT_MUSKETMAN, 1.0, 1428.0
299, Combat, 1, UNIT_APOSTLE, 3, UNIT_GURU, 1.0, 1429.0
300, Combat, 0, UNIT_KNIGHT, 1, District, 1.0, 1430.0
300, Combat, 0, UNIT_MUSKETMAN, 1, District, 1.0, 1431.0
300, Death, 1, DISTRICT_CITY_CENTER, 0, UNIT_MUSKETMAN, 1.0, 1432.0
300, Combat, 0, UNIT_MUSKETMAN, 1, District, 1.0, 1433.0
300, Barb Combat, 1, District, 63, UNIT_PIKEMAN, 0.5, 1433.5
300, Barb Combat, 1, District, 63, UNIT_PIKEMAN, 0.5, 1434.0
300, Combat, 1, District, 0, UNIT_MUSKETMAN, 1.0, 1435.0
300, Death, 1, DISTRICT_CITY_CENTER, 0, UNIT_MUSKETMAN, 1.0, 1436.0
300, Combat, 1, District, 0, UNIT_KNIGHT, 1.0, 1437.0
300, Combat, 1, UNIT_APOSTLE, 3, UNIT_GURU, 1.0, 1438.0
300, Unit Capture, 63, UNIT_MAN_AT_ARMS, 1, UNIT_BUILDER, 1.0, 1439.0
301, Improvement Pillaged, -1, , 1, IMPROVEMENT_FARM, 1.0, 1440.0
301, Barb Combat, 1, District, 63, UNIT_PIKEMAN, 0.5, 1440.5
301, Barb Combat, 1, District, 63, UNIT_PIKEMAN, 0.5, 1441.0
301, Barb Combat, 1, District, 63, UNIT_PIKEMAN, 0.5, 1441.5
301, Combat, 1, UNIT_APOSTLE, 3, UNIT_GURU, 1.0, 1442.5
301, Combat, 4, UNIT_APOSTLE, 1, UNIT_MISSIONARY, 1.0, 1443.5
302, Barb Combat, 1, District, 63, UNIT_PIKEMAN, 0.5, 1444.0
302, Death, 1, DISTRICT_CITY_CENTER, 63, UNIT_PIKEMAN, 1.0, 1445.0
302, Combat, 1, District, 0, UNIT_KNIGHT, 1.0, 1446.0
302, Combat, 1, District, 0, UNIT_KNIGHT, 1.0, 1447.0
302, Combat, 1, UNIT_APOSTLE, 3, UNIT_GURU, 1.0, 1448.0
302, Death, 3, UNIT_GURU, 1, UNIT_APOSTLE, 1.0, 1449.0
302, Barb Combat, 3, District, 63, UNIT_MUSKETMAN, 0.5, 1449.5
303, Barb Combat, 1, District, 63, UNIT_PIKEMAN, 0.5, 1450.0
303, Combat, 4, UNIT_INQUISITOR, 3, UNIT_MISSIONARY, 1.0, 1451.0
304, Barb Combat, 1, District, 63, UNIT_PIKEMAN, 0.5, 1451.5
304, Barb Combat, 1, District, 63, UNIT_MUSKETMAN, 0.5, 1452.0
304, Barb Combat, 2, District, 63, UNIT_TREBUCHET, 0.5, 1452.5
304, Death, 2, DISTRICT_CITY_CENTER, 63, UNIT_TREBUCHET, 1.0, 1453.5
304, Barb Combat, 3, District, 63, UNIT_MUSKETMAN, 0.5, 1454.0
304, Combat, 4, UNIT_INQUISITOR, 3, UNIT_MISSIONARY, 1.0, 1455.0
304, Death, 4, UNIT_INQUISITOR, 3, UNIT_MISSIONARY, 1.0, 1456.0
305, Barb Combat, 0, District, 63, UNIT_PIKEMAN, 0.5, 1456.5
305, Barb Combat, 1, District, 63, UNIT_PIKEMAN, 0.5, 1457.0
305, Death, 1, DISTRICT_CITY_CENTER, 63, UNIT_PIKEMAN, 1.0, 1458.0
305, Barb Combat, 2, UNIT_BIPLANE, 63, UNIT_CROSSBOWMAN, 0.5, 1458.5
305, Barb Death, 2, UNIT_BIPLANE, 63, UNIT_CROSSBOWMAN, 0.5, 1459.0
305, Barb Combat, 3, District, 63, UNIT_MUSKETMAN, 0.5, 1459.5
305, District Pillaged, -1, , 0, DISTRICT_ENTERTAINMENT_COMPLEX, 2.0, 1461.5
306, Barb Combat, 0, District, 63, UNIT_PIKEMAN, 0.5, 1462.0
306, Barb Combat, 1, District, 63, UNIT_MUSKETMAN, 0.5, 1462.5
306, Barb Combat, 2, UNIT_BIPLANE, 63, UNIT_MUSKETMAN, 0.5, 1463.0
306, Barb Combat, 3, District, 63, UNIT_MUSKETMAN, 0.5, 1463.5
306, Combat, 4, UNIT_APOSTLE, 3, UNIT_APOSTLE, 1.0, 1464.5
306, Barb Combat, 5, UNIT_CHINESE_CROUCHING_TIGER, 63, UNIT_MUSKETMAN, 0.5, 1465.0
306, Barb Combat, 63, UNIT_MUSKETMAN, 5, UNIT_CHINESE_CROUCHING_TIGER, 0.5, 1465.5
306, Barb Death, 5, UNIT_CHINESE_CROUCHING_TIGER, 63, UNIT_MUSKETMAN, 0.5, 1466.0
306, Improvement Pillaged, -1, , 3, IMPROVEMENT_KURGAN, 1.0, 1467.0
307, Barb Combat, 0, UNIT_BOMBARD, 63, UNIT_PIKEMAN, 0.5, 1467.5
307, Barb Combat, 2, UNIT_BIPLANE, 63, UNIT_MUSKETMAN, 0.5, 1468.0
307, Barb Death, 2, UNIT_BIPLANE, 63, UNIT_MUSKETMAN, 0.5, 1468.5
307, Barb Combat, 3, District, 63, UNIT_MUSKETMAN, 0.5, 1469.0
307, Combat, 4, UNIT_INQUISITOR, 1, UNIT_MISSIONARY, 1.0, 1470.0
307, Death, 4, UNIT_INQUISITOR, 1, UNIT_MISSIONARY, 1.0, 1471.0
307, Denounce Player, 5, , 4, , 1.0, 1472.0
307, Unit Capture, 63, UNIT_MUSKETMAN, 1, UNIT_BUILDER, 1.0, 1473.0
307, Improvement Pillaged, -1, , 0, IMPROVEMENT_PLANTATION, 1.0, 1474.0
308, Barb Combat, 0, UNIT_BOMBARD, 63, UNIT_PIKEMAN, 0.5, 1474.5
308, Barb Combat, 0, UNIT_KNIGHT, 63, UNIT_PIKEMAN, 0.5, 1475.0
308, Barb Death, 0, UNIT_KNIGHT, 63, UNIT_PIKEMAN, 0.5, 1475.5
308, Barb Combat, 1, District, 63, UNIT_MUSKETMAN, 0.5, 1476.0
308, Death, 1, DISTRICT_CITY_CENTER, 63, UNIT_MUSKETMAN, 1.0, 1477.0
308, Barb Combat, 2, UNIT_BIPLANE, 63, UNIT_MUSKETMAN, 0.5, 1477.5
308, Denounce Player, 4, , 3, , 1.0, 1478.5
308, Combat, 4, UNIT_APOSTLE, 3, UNIT_APOSTLE, 1.0, 1479.5
308, Death, 3, UNIT_APOSTLE, 4, UNIT_APOSTLE, 1.0, 1480.5
310, Barb Combat, 2, UNIT_BIPLANE, 63, UNIT_MUSKETMAN, 0.5, 1481.0
310, Barb Death, 2, UNIT_BIPLANE, 63, UNIT_MUSKETMAN, 0.5, 1481.5
310, Combat, 2, UNIT_INQUISITOR, 3, UNIT_APOSTLE, 1.0, 1482.5
310, Combat, 3, UNIT_APOSTLE, 2, UNIT_MISSIONARY, 1.0, 1483.5
311, Denounce Player, 1, , 3, , 1.0, 1484.5
311, Barb Combat, 2, UNIT_BIPLANE, 63, UNIT_FIELD_CANNON, 0.5, 1485.0
311, Denounce Player, 3, , 0, , 1.0, 1486.0
311, Barb Combat, 3, District, 63, UNIT_MUSKETMAN, 0.5, 1486.5
311, Combat, 3, UNIT_APOSTLE, 2, UNIT_INQUISITOR, 1.0, 1487.5
311, Death, 2, UNIT_INQUISITOR, 3, UNIT_APOSTLE, 1.0, 1488.5
311, Denounce Player, 4, , 0, , 1.0, 1489.5
311, Denounce Player, 5, , 2, , 1.0, 1490.5
311, Barb Combat, 63, UNIT_PIKEMAN, 0, UNIT_KNIGHT, 0.5, 1491.0
312, Barb Combat, 0, UNIT_BOMBARD, 63, UNIT_PIKEMAN, 0.5, 1491.5
312, Barb Combat, 0, UNIT_HORSEMAN, 63, UNIT_PIKEMAN, 0.5, 1492.0
312, Barb Combat, 0, UNIT_KNIGHT, 63, UNIT_PIKEMAN, 0.5, 1492.5
312, Barb Death, 0, UNIT_KNIGHT, 63, UNIT_PIKEMAN, 0.5, 1493.0
312, Barb Combat, 3, District, 63, UNIT_MUSKETMAN, 0.5, 1493.5
312, Barb Combat, 5, District, 63, UNIT_SCOUT, 0.5, 1494.0
312, Death, 5, DISTRICT_CITY_CENTER, 63, UNIT_SCOUT, 1.0, 1495.0
312, Improvement Pillaged, -1, , 3, IMPROVEMENT_KURGAN, 1.0, 1496.0
312, Barb Combat, 63, UNIT_FIELD_CANNON, 0, UNIT_HORSEMAN, 0.5, 1496.5
312, Barb Death, 63, UNIT_FIELD_CANNON, 0, UNIT_HORSEMAN, 0.5, 1497.0
312, Barb Combat, 63, UNIT_PIKEMAN, 0, UNIT_KNIGHT, 0.5, 1497.5
313, Barb Combat, 0, UNIT_BOMBARD, 63, UNIT_FIELD_CANNON, 0.5, 1498.0
313, Barb Combat, 0, UNIT_KNIGHT, 63, UNIT_FIELD_CANNON, 0.5, 1498.5
313, Barb Combat, 0, UNIT_KNIGHT, 63, UNIT_PIKEMAN, 0.5, 1499.0
313, Barb Combat, 2, UNIT_BIPLANE, 63, UNIT_FIELD_CANNON, 0.5, 1499.5
313, Barb Death, 2, UNIT_BIPLANE, 63, UNIT_FIELD_CANNON, 0.5, 1500.0
313, Barb Combat, 3, District, 63, UNIT_MUSKETMAN, 0.5, 1500.5
313, Combat, 4, UNIT_INQUISITOR, 1, UNIT_MISSIONARY, 1.0, 1501.5
313, Barb Combat, 5, District, 63, UNIT_SPEARMAN, 0.5, 1502.0
313, Barb Combat, 63, UNIT_PIKEMAN, 0, UNIT_KNIGHT, 0.5, 1502.5
314, Barb Combat, 0, UNIT_KNIGHT, 63, UNIT_FIELD_CANNON, 0.5, 1503.0
314, Barb Death, 63, UNIT_FIELD_CANNON, 0, UNIT_KNIGHT, 0.5, 1503.5
314, Barb Combat, 1, District, 63, UNIT_MUSKETMAN, 0.5, 1504.0
314, Death, 1, DISTRICT_CITY_CENTER, 63, UNIT_MUSKETMAN, 1.0, 1505.0
314, Barb Combat, 5, District, 63, UNIT_SPEARMAN, 0.5, 1505.5
314, Death, 5, DISTRICT_CITY_CENTER, 63, UNIT_SPEARMAN, 1.0, 1506.5
314, Barb Combat, 7, District, 63, UNIT_CROSSBOWMAN, 0.5, 1507.0
314, Barb Combat, 7, UNIT_BOMBARD, 63, UNIT_CROSSBOWMAN, 0.5, 1507.5
314, Barb Death, 7, UNIT_BOMBARD, 63, UNIT_CROSSBOWMAN, 0.5, 1508.0
314, Barb Combat, 63, UNIT_FIELD_CANNON, 0, UNIT_KNIGHT, 0.5, 1508.5
314, Barb Death, 63, UNIT_FIELD_CANNON, 0, UNIT_KNIGHT, 0.5, 1509.0
315, Barb Combat, 0, UNIT_BOMBARD, 63, UNIT_FIELD_CANNON, 0.5, 1509.5
315, Barb Death, 0, UNIT_BOMBARD, 63, UNIT_FIELD_CANNON, 0.5, 1510.0
315, Barb Combat, 3, District, 63, UNIT_MUSKETMAN, 0.5, 1510.5
315, Barb Combat, 5, District, 63, UNIT_MUSKETMAN, 0.5, 1511.0
316, Denounce Player, 5, , 0, , 1.0, 1512.0
316, Barb Combat, 5, District, 63, UNIT_MUSKETMAN, 0.5, 1512.5
316, Death, 5, DISTRICT_CITY_CENTER, 63, UNIT_MUSKETMAN, 1.0, 1513.5
318, Barb Combat, 0, UNIT_BOMBARD, 63, UNIT_PIKEMAN, 0.5, 1514.0
318, Barb Death, 0, UNIT_BOMBARD, 63, UNIT_PIKEMAN, 0.5, 1514.5
318, Combat, 3, UNIT_APOSTLE, 2, UNIT_MISSIONARY, 1.0, 1515.5
318, Barb Combat, 63, UNIT_MUSKETMAN, 5, UNIT_CHINESE_CROUCHING_TIGER, 0.5, 1516.0
319, Combat, 3, UNIT_APOSTLE, 2, UNIT_MISSIONARY, 1.0, 1517.0
319, Death, 3, UNIT_APOSTLE, 2, UNIT_MISSIONARY, 1.0, 1518.0
319, Barb Combat, 5, District, 63, UNIT_MUSKETMAN, 0.5, 1518.5
319, Death, 5, DISTRICT_CITY_CENTER, 63, UNIT_MUSKETMAN, 1.0, 1519.5
320, Barb Combat, 5, District, 63, UNIT_FIELD_CANNON, 0.5, 1520.0
320, Barb Combat, 63, UNIT_ARCHER, 14, UNIT_IRONCLAD, 0.5, 1520.5
320, Barb Combat, 63, UNIT_FIELD_CANNON, 5, UNIT_CHINESE_CROUCHING_TIGER, 0.5, 1521.0
320, Barb Death, 63, UNIT_FIELD_CANNON, 5, UNIT_CHINESE_CROUCHING_TIGER, 0.5, 1521.5
321, Combat, 3, UNIT_INQUISITOR, 4, UNIT_MISSIONARY, 1.0, 1522.5
321, Unit Capture, 5, UNIT_CHINESE_CROUCHING_TIGER, 63, UNIT_SETTLER, 1.0, 1523.5
321, Barb Combat, 5, District, 63, UNIT_FIELD_CANNON, 0.5, 1524.0
322, Barb Combat, 5, District, 63, UNIT_FIELD_CANNON, 0.5, 1524.5
322, Barb Combat, 63, UNIT_ARCHER, 14, UNIT_IRONCLAD, 0.5, 1525.0
323, Declare war, 0, , 1, , 4.0, 1529.0
323, Combat, 0, UNIT_FIELD_CANNON, 1, District, 1.0, 1530.0
323, Combat, 1, District, 0, UNIT_BOMBARD, 1.0, 1531.0
323, Barb Combat, 1, District, 63, UNIT_FIELD_CANNON, 0.5, 1531.5
323, Death, 1, DISTRICT_CITY_CENTER, 63, UNIT_FIELD_CANNON, 1.0, 1532.5
323, Barb Combat, 2, UNIT_BIPLANE, 63, UNIT_LINE_INFANTRY, 0.5, 1533.0
323, Combat, 4, UNIT_INQUISITOR, 1, UNIT_MISSIONARY, 1.0, 1534.0
323, Combat, 4, UNIT_INQUISITOR, 1, UNIT_MISSIONARY, 1.0, 1535.0
323, Death, 4, UNIT_INQUISITOR, 1, UNIT_MISSIONARY, 1.0, 1536.0
323, Barb Combat, 63, UNIT_ARCHER, 14, UNIT_IRONCLAD, 0.5, 1536.5
324, Combat, 0, UNIT_FIELD_CANNON, 1, District, 1.0, 1537.5
324, Combat, 1, District, 0, UNIT_BOMBARD, 1.0, 1538.5
324, Denounce Player, 2, , 0, , 1.0, 1539.5
325, Improvement Pillaged, -1, , 1, IMPROVEMENT_PLANTATION, 1.0, 1540.5
325, Combat, 0, UNIT_FIELD_CANNON, 1, District, 1.0, 1541.5
325, Combat, 1, District, 0, UNIT_BOMBARD, 1.0, 1542.5
325, Combat, 3, UNIT_APOSTLE, 4, UNIT_MISSIONARY, 1.0, 1543.5
326, Combat, 0, UNIT_BOMBARD, 1, District, 1.0, 1544.5
326, Combat, 0, UNIT_FIELD_CANNON, 1, District, 1.0, 1545.5
326, Combat, 1, District, 0, UNIT_BOMBARD, 1.0, 1546.5
326, Combat, 4, UNIT_INQUISITOR, 3, UNIT_INQUISITOR, 1.0, 1547.5
327, Combat, 0, UNIT_FIELD_CANNON, 1, District, 1.0, 1548.5
327, Combat, 1, District, 0, UNIT_BOMBARD, 1.0, 1549.5
327, Death, 1, DISTRICT_CITY_CENTER, 0, UNIT_BOMBARD, 1.0, 1550.5
327, Combat, 3, UNIT_INQUISITOR, 4, UNIT_INQUISITOR, 1.0, 1551.5
327, Combat, 3, UNIT_APOSTLE, 4, UNIT_MISSIONARY, 1.0, 1552.5
327, Death, 3, UNIT_APOSTLE, 4, UNIT_MISSIONARY, 1.0, 1553.5
327, Combat, 4, UNIT_INQUISITOR, 3, UNIT_INQUISITOR, 1.0, 1554.5
327, Death, 4, UNIT_INQUISITOR, 3, UNIT_INQUISITOR, 1.0, 1555.5
328, Combat, 0, UNIT_FIELD_CANNON, 1, District, 1.0, 1556.5
328, Combat, 0, UNIT_FIELD_CANNON, 1, District, 1.0, 1557.5
329, Combat, 0, UNIT_FIELD_CANNON, 1, District, 1.0, 1558.5
329, Combat, 0, UNIT_FIELD_CANNON, 1, District, 1.0, 1559.5
329, Combat, 1, UNIT_ARTILLERY, 0, UNIT_QUADRIREME, 1.0, 1560.5
329, Death, 1, UNIT_ARTILLERY, 0, UNIT_QUADRIREME, 1.0, 1561.5
329, Declare war, 7, , 1, , 2.0, 1563.5
329, Combat, 4, UNIT_INQUISITOR, 1, UNIT_MISSIONARY, 1.0, 1564.5
330, Combat, 0, UNIT_FIELD_CANNON, 1, District, 1.0, 1565.5
330, Combat, 0, UNIT_FIELD_CANNON, 1, District, 1.0, 1566.5
331, Barb Combat, 0, District, 63, UNIT_QUADRIREME, 0.5, 1567.0
331, Death, 0, DISTRICT_CITY_CENTER, 63, UNIT_QUADRIREME, 1.0, 1568.0
331, Barb Combat, 2, UNIT_BIPLANE, 63, UNIT_LINE_INFANTRY, 0.5, 1568.5
331, Barb Death, 2, UNIT_BIPLANE, 63, UNIT_LINE_INFANTRY, 0.5, 1569.0
331, Combat, 3, UNIT_INQUISITOR, 4, UNIT_MISSIONARY, 1.0, 1570.0
331, Barb Combat, 63, UNIT_ARCHER, 14, UNIT_IRONCLAD, 0.5, 1570.5
332, Combat, 0, UNIT_FIELD_CANNON, 1, District, 1.0, 1571.5
332, Combat, 0, UNIT_FIELD_CANNON, 1, District, 1.0, 1572.5
332, Combat, 3, UNIT_INQUISITOR, 4, UNIT_MISSIONARY, 1.0, 1573.5
333, Combat, 0, UNIT_FIELD_CANNON, 1, District, 1.0, 1574.5
333, Combat, 0, UNIT_FIELD_CANNON, 1, District, 1.0, 1575.5
333, Combat, 3, UNIT_INQUISITOR, 4, UNIT_MISSIONARY, 1.0, 1576.5
334, Combat, 0, UNIT_FIELD_CANNON, 1, District, 1.0, 1577.5
334, Combat, 0, UNIT_FIELD_CANNON, 1, District, 1.0, 1578.5
334, Combat, 4, UNIT_INQUISITOR, 1, UNIT_MISSIONARY, 1.0, 1579.5
335, Combat, 0, UNIT_FIELD_CANNON, 1, District, 1.0, 1580.5
335, Combat, 0, UNIT_FIELD_CANNON, 1, District, 1.0, 1581.5
335, Barb Combat, 1, District, 63, UNIT_PIKEMAN, 0.5, 1582.0
335, Barb Combat, 1, District, 63, UNIT_PIKEMAN, 0.5, 1582.5
336, Combat, 0, UNIT_FIELD_CANNON, 1, District, 1.0, 1583.5
336, Combat, 0, UNIT_FIELD_CANNON, 1, District, 1.0, 1584.5
336, Barb Combat, 1, District, 63, UNIT_PIKEMAN, 0.5, 1585.0
337, Combat, 0, UNIT_FIELD_CANNON, 1, District, 1.0, 1586.0
337, Barb Combat, 1, District, 63, UNIT_PIKEMAN, 0.5, 1586.5
337, Combat, 3, UNIT_INQUISITOR, 4, UNIT_MISSIONARY, 1.0, 1587.5
337, Combat, 3, UNIT_INQUISITOR, 4, UNIT_MISSIONARY, 1.0, 1588.5
338, Combat, 0, UNIT_FIELD_CANNON, 1, District, 1.0, 1589.5
338, Barb Combat, 1, District, 63, UNIT_PIKEMAN, 0.5, 1590.0
338, Death, 1, DISTRICT_CITY_CENTER, 63, UNIT_PIKEMAN, 1.0, 1591.0
338, Barb Combat, 1, District, 63, UNIT_PIKEMAN, 0.5, 1591.5
338, Combat, 3, UNIT_INQUISITOR, 4, UNIT_MISSIONARY, 1.0, 1592.5
338, Combat, 3, UNIT_INQUISITOR, 4, UNIT_MISSIONARY, 1.0, 1593.5
338, Death, 3, UNIT_INQUISITOR, 4, UNIT_MISSIONARY, 1.0, 1594.5
338, Denounce Player, 5, , 4, , 1.0, 1595.5
339, Combat, 0, UNIT_FIELD_CANNON, 1, District, 1.0, 1596.5
339, Combat, 0, UNIT_FIELD_CANNON, 1, District, 1.0, 1597.5
339, Barb Combat, 1, District, 63, UNIT_PIKEMAN, 0.5, 1598.0
339, Barb Combat, 11, UNIT_IRONCLAD, 63, UNIT_GALLEY, 0.5, 1598.5
339, Barb Death, 11, UNIT_IRONCLAD, 63, UNIT_GALLEY, 0.5, 1599.0
340, Combat, 0, UNIT_FIELD_CANNON, 1, District, 1.0, 1600.0
340, Combat, 0, UNIT_FIELD_CANNON, 1, District, 1.0, 1601.0
340, Combat, 0, UNIT_FIELD_CANNON, 1, District, 1.0, 1602.0
340, Barb Combat, 1, District, 63, UNIT_PIKEMAN, 0.5, 1602.5
340, Death, 1, DISTRICT_CITY_CENTER, 63, UNIT_PIKEMAN, 1.0, 1603.5
340, Barb Combat, 1, District, 63, UNIT_ARCHER, 0.5, 1604.0
341, Combat, 0, UNIT_FIELD_CANNON, 1, District, 1.0, 1605.0
341, Combat, 0, UNIT_FIELD_CANNON, 1, District, 1.0, 1606.0
341, Combat, 0, UNIT_FIELD_CANNON, 1, District, 1.0, 1607.0
342, Combat, 0, UNIT_FIELD_CANNON, 1, District, 1.0, 1608.0
342, Combat, 0, UNIT_FIELD_CANNON, 1, District, 1.0, 1609.0
342, Combat, 0, UNIT_FIELD_CANNON, 1, District, 1.0, 1610.0
342, Denounce Player, 1, , 3, , 1.0, 1611.0
342, Denounce Player, 3, , 0, , 1.0, 1612.0
342, Combat, 3, UNIT_INQUISITOR, 4, UNIT_MISSIONARY, 1.0, 1613.0
342, Combat, 3, UNIT_INQUISITOR, 4, UNIT_MISSIONARY, 1.0, 1614.0
342, Denounce Player, 4, , 0, , 1.0, 1615.0
343, Combat, 0, UNIT_FIELD_CANNON, 1, District, 1.0, 1616.0
343, Combat, 0, UNIT_FIELD_CANNON, 1, District, 1.0, 1617.0
343, Combat, 3, UNIT_INQUISITOR, 4, UNIT_MISSIONARY, 1.0, 1618.0
343, Combat, 3, UNIT_INQUISITOR, 4, UNIT_MISSIONARY, 1.0, 1619.0
343, Combat, 3, UNIT_INQUISITOR, 4, UNIT_MISSIONARY, 1.0, 1620.0
343, Death, 4, UNIT_MISSIONARY, 3, UNIT_INQUISITOR, 1.0, 1621.0
344, Combat, 0, UNIT_FIELD_CANNON, 1, District, 1.0, 1622.0
344, Combat, 0, UNIT_FIELD_CANNON, 1, District, 1.0, 1623.0
344, Combat, 0, UNIT_FIELD_CANNON, 1, District, 1.0, 1624.0
344, Combat, 1, District, 0, UNIT_FIELD_CANNON, 1.0, 1625.0
344, Combat, 3, UNIT_INQUISITOR, 4, UNIT_MISSIONARY, 1.0, 1626.0
344, Combat, 3, UNIT_INQUISITOR, 4, UNIT_GURU, 1.0, 1627.0
344, Death, 4, UNIT_GURU, 3, UNIT_INQUISITOR, 1.0, 1628.0
345, Combat, 0, UNIT_FIELD_CANNON, 1, District, 1.0, 1629.0
345, Combat, 0, UNIT_FIELD_CANNON, 1, District, 1.0, 1630.0
345, Barb Combat, 1, District, 63, UNIT_ARCHER, 0.5, 1630.5
345, Death, 1, DISTRICT_CITY_CENTER, 63, UNIT_ARCHER, 1.0, 1631.5
345, Combat, 3, UNIT_INQUISITOR, 4, UNIT_GURU, 1.0, 1632.5
345, Death, 3, UNIT_INQUISITOR, 4, UNIT_GURU, 1.0, 1633.5
345, Unit Capture, 13, UNIT_FIELD_CANNON, 63, UNIT_SETTLER, 1.0, 1634.5
346, Combat, 0, UNIT_FIELD_CANNON, 1, District, 1.0, 1635.5
346, Combat, 0, UNIT_FIELD_CANNON, 1, District, 1.0, 1636.5
346, Combat, 0, UNIT_FIELD_CANNON, 1, District, 1.0, 1637.5
346, Combat, 0, UNIT_FIELD_CANNON, 1, District, 1.0, 1638.5
347, Combat, 0, UNIT_FIELD_CANNON, 1, District, 1.0, 1639.5
347, Combat, 0, UNIT_FIELD_CANNON, 1, District, 1.0, 1640.5
347, Combat, 0, UNIT_FIELD_CANNON, 1, District, 1.0, 1641.5
347, District Death, 0, UNIT_FIELD_CANNON, 1, DISTRICT_CITY_CENTER, 3.0, 1644.5
347, Combat, 0, UNIT_FIELD_CANNON, 1, District, 1.0, 1645.5
347, District Death, 0, UNIT_FIELD_CANNON, 1, DISTRICT_CITY_CENTER, 3.0, 1648.5
347, Declare war, 7, , 1, , 2.0, 1650.5
347, Denounce Player, 5, , 0, , 1.0, 1651.5
347, Barb Combat, 7, District, 63, UNIT_LINE_INFANTRY, 0.5, 1652.0
347, Improvement Pillaged, -1, , 7, IMPROVEMENT_PLANTATION, 1.0, 1653.0
348, Combat, 0, UNIT_FIELD_CANNON, 1, District, 1.0, 1654.0
348, District Death, 0, UNIT_FIELD_CANNON, 1, DISTRICT_CITY_CENTER, 3.0, 1657.0
348, Combat, 0, UNIT_FIELD_CANNON, 1, District, 1.0, 1658.0
348, District Death, 0, UNIT_FIELD_CANNON, 1, DISTRICT_CITY_CENTER, 3.0, 1661.0
348, Combat, 0, UNIT_FIELD_CANNON, 1, District, 1.0, 1662.0
348, District Death, 0, UNIT_FIELD_CANNON, 1, DISTRICT_CITY_CENTER, 3.0, 1665.0
348, Barb Combat, 7, District, 63, UNIT_LINE_INFANTRY, 0.5, 1665.5
348, Barb Combat, 7, UNIT_FIELD_CANNON, 63, UNIT_LINE_INFANTRY, 0.5, 1666.0
349, Combat, 0, UNIT_FIELD_CANNON, 1, District, 1.0, 1667.0
349, District Death, 0, UNIT_FIELD_CANNON, 1, DISTRICT_CITY_CENTER, 3.0, 1670.0
349, Combat, 0, UNIT_FIELD_CANNON, 1, District, 1.0, 1671.0
349, District Death, 0, UNIT_FIELD_CANNON, 1, DISTRICT_CITY_CENTER, 3.0, 1674.0
349, Combat, 0, UNIT_FIELD_CANNON, 1, District, 1.0, 1675.0
349, District Death, 0, UNIT_FIELD_CANNON, 1, DISTRICT_CITY_CENTER, 3.0, 1678.0
349, Combat, 0, UNIT_FIELD_CANNON, 1, District, 1.0, 1679.0
349, District Death, 0, UNIT_FIELD_CANNON, 1, DISTRICT_CITY_CENTER, 3.0, 1682.0
349, Barb Combat, 1, District, 63, UNIT_PIKEMAN, 0.5, 1682.5
349, Barb Combat, 7, UNIT_BOMBARD, 63, UNIT_LINE_INFANTRY, 0.5, 1683.0
349, Barb Combat, 7, UNIT_FIELD_CANNON, 63, UNIT_LINE_INFANTRY, 0.5, 1683.5
349, Barb Death, 7, UNIT_FIELD_CANNON, 63, UNIT_LINE_INFANTRY, 0.5, 1684.0
349, Improvement Pillaged, -1, , 1, IMPROVEMENT_PLANTATION, 1.0, 1685.0
350, Combat, 0, UNIT_FIELD_CANNON, 1, District, 1.0, 1686.0
350, Combat, 0, UNIT_FIELD_CANNON, 1, District, 1.0, 1687.0
350, District Death, 0, UNIT_FIELD_CANNON, 1, DISTRICT_CITY_CENTER, 3.0, 1690.0
350, Combat, 0, UNIT_FIELD_CANNON, 1, District, 1.0, 1691.0
350, District Death, 0, UNIT_FIELD_CANNON, 1, DISTRICT_CITY_CENTER, 3.0, 1694.0
350, Combat, 0, UNIT_FIELD_CANNON, 1, District, 1.0, 1695.0
350, Barb Combat, 1, District, 63, UNIT_PIKEMAN, 0.5, 1695.5
350, Barb Combat, 1, District, 63, UNIT_LINE_INFANTRY, 0.5, 1696.0
350, Barb Combat, 8, District, 63, UNIT_PIKEMAN, 0.5, 1696.5
350, Death, 8, DISTRICT_CITY_CENTER, 63, UNIT_PIKEMAN, 1.0, 1697.5
351, Barb Combat, 0, UNIT_FIELD_CANNON, 63, UNIT_PIKEMAN, 0.5, 1698.0
351, Barb Combat, 0, UNIT_FIELD_CANNON, 63, UNIT_PIKEMAN, 0.5, 1698.5
351, Barb Death, 0, UNIT_FIELD_CANNON, 63, UNIT_PIKEMAN, 0.5, 1699.0
351, Combat, 0, UNIT_FIELD_CANNON, 1, District, 1.0, 1700.0
351, District Death, 0, UNIT_FIELD_CANNON, 1, DISTRICT_CITY_CENTER, 3.0, 1703.0
351, Combat, 0, UNIT_FIELD_CANNON, 1, District, 1.0, 1704.0
351, District Death, 0, UNIT_FIELD_CANNON, 1, DISTRICT_CITY_CENTER, 3.0, 1707.0
351, Combat, 0, UNIT_FIELD_CANNON, 1, District, 1.0, 1708.0
351, Combat, 0, UNIT_FIELD_CANNON, 1, District, 1.0, 1709.0
351, Combat, 1, District, 0, UNIT_FIELD_CANNON, 1.0, 1710.0
351, Barb Combat, 1, District, 63, UNIT_LINE_INFANTRY, 0.5, 1710.5
351, Barb Combat, 7, UNIT_BOMBARD, 63, UNIT_LINE_INFANTRY, 0.5, 1711.0
352, Declare war, 0, , 8, , 4.0, 1715.0
352, Combat, 0, UNIT_FIELD_CANNON, 8, UNIT_SUBMARINE, 1.0, 1716.0
352, Declare war, 12, , 2, , 2.0, 1718.0
352, Declare war, 7, , 12, , 2.0, 1720.0
352, Declare war, 12, , 7, , 2.0, 1722.0
352, Barb Combat, 1, District, 63, UNIT_LINE_INFANTRY, 0.5, 1722.5
352, Barb Combat, 7, UNIT_BOMBARD, 63, UNIT_LINE_INFANTRY, 0.5, 1723.0
352, Combat, 8, District, 0, UNIT_FIELD_CANNON, 1.0, 1724.0
353, Barb Combat, 7, UNIT_BOMBARD, 63, UNIT_LINE_INFANTRY, 0.5, 1724.5
353, Combat, 8, District, 0, UNIT_FIELD_CANNON, 1.0, 1725.5
353, Barb Combat, 63, UNIT_IRONCLAD, 7, UNIT_AT_CREW, 0.5, 1726.0
