Game Turn, Player, Score, CATEGORY_CIVICS, CATEGORY_EMPIRE, CATEGORY_GREAT_PEOPLE, CATEGORY_RELIGION, CATEGORY_TECH, CATEGORY_WONDER, CATEGORY_TRADE, CATEGORY_PILLAGE, CATEGORY_INCOME, CATEGORY_SCENARIO1, CATEGORY_SCENARIO2, CATEGORY_SCENARIO3
227, 1, 235, 46, 95, 21, 6, 62, 5, 0, 0, 0, 0, 0, 0
227, 2, 261, 32, 119, 21, 8, 76, 5, 0, 0, 0, 0, 0, 0
227, 3, 200, 36, 69, 18, 8, 64, 5, 0, 0, 0, 0, 0, 0
227, 4, 148, 32, 49, 12, 4, 46, 5, 0, 0, 0, 0, 0, 0
227, 5, 194, 36, 94, 3, 0, 56, 5, 0, 0, 0, 0, 0, 0
227, 6, 104, 36, 18, 0, 0, 50, 0, 0, 0, 0, 0, 0, 0
227, 7, 108, 36, 16, 0, 0, 56, 0, 0, 0, 0, 0, 0, 0
227, 8, 115, 36, 21, 0, 0, 58, 0, 0, 0, 0, 0, 0, 0
227, 9, 110, 36, 18, 0, 0, 56, 0, 0, 0, 0, 0, 0, 0
227, 11, 106, 36, 18, 0, 0, 52, 0, 0, 0, 0, 0, 0, 0
227, 12, 104, 36, 14, 0, 0, 54, 0, 0, 0, 0, 0, 0, 0
227, 13, 111, 36, 21, 0, 0, 54, 0, 0, 0, 0, 0, 0, 0
227, 14, 109, 36, 19, 0, 0, 54, 0, 0, 0, 0, 0, 0, 0
227, 63, 90, 34, 0, 0, 0, 56, 0, 0, 0, 0, 0, 0, 0
228, 0, 147, 28, 62, 9, 0, 48, 0, 0, 0, 0, 0, 0, 0
228, 1, 235, 46, 95, 21, 6, 62, 5, 0, 0, 0, 0, 0, 0
228, 2, 261, 32, 119, 21, 8, 76, 5, 0, 0, 0, 0, 0, 0
228, 3, 200, 36, 69, 18, 8, 64, 5, 0, 0, 0, 0, 0, 0
228, 4, 148, 32, 49, 12, 4, 46, 5, 0, 0, 0, 0, 0, 0
228, 5, 196, 36, 94, 3, 0, 58, 5, 0, 0, 0, 0, 0, 0
228, 6, 104, 36, 18, 0, 0, 50, 0, 0, 0, 0, 0, 0, 0
228, 7, 108, 36, 16, 0, 0, 56, 0, 0, 0, 0, 0, 0, 0
228, 8, 115, 36, 21, 0, 0, 58, 0, 0, 0, 0, 0, 0, 0
228, 9, 110, 36, 18, 0, 0, 56, 0, 0, 0, 0, 0, 0, 0
228, 11, 106, 36, 18, 0, 0, 52, 0, 0, 0, 0, 0, 0, 0
228, 12, 106, 36, 14, 0, 0, 56, 0, 0, 0, 0, 0, 0, 0
228, 13, 111, 36, 21, 0, 0, 54, 0, 0, 0, 0, 0, 0, 0
228, 14, 109, 36, 19, 0, 0, 54, 0, 0, 0, 0, 0, 0, 0
228, 63, 92, 34, 0, 0, 0, 58, 0, 0, 0, 0, 0, 0, 0
229, 0, 147, 28, 62, 9, 0, 48, 0, 0, 0, 0, 0, 0, 0
229, 1, 237, 48, 95, 21, 6, 62, 5, 0, 0, 0, 0, 0, 0
229, 2, 270, 34, 126, 21, 8, 76, 5, 0, 0, 0, 0, 0, 0
229, 3, 200, 36, 69, 18, 8, 64, 5, 0, 0, 0, 0, 0, 0
229, 4, 148, 32, 49, 12, 4, 46, 5, 0, 0, 0, 0, 0, 0
229, 5, 196, 36, 94, 3, 0, 58, 5, 0, 0, 0, 0, 0, 0
229, 6, 104, 36, 18, 0, 0, 50, 0, 0, 0, 0, 0, 0, 0
229, 7, 110, 38, 16, 0, 0, 56, 0, 0, 0, 0, 0, 0, 0
229, 8, 117, 38, 21, 0, 0, 58, 0, 0, 0, 0, 0, 0, 0
229, 9, 110, 36, 18, 0, 0, 56, 0, 0, 0, 0, 0, 0, 0
229, 11, 108, 38, 18, 0, 0, 52, 0, 0, 0, 0, 0, 0, 0
229, 12, 110, 38, 14, 0, 0, 58, 0, 0, 0, 0, 0, 0, 0
229, 13, 113, 38, 21, 0, 0, 54, 0, 0, 0, 0, 0, 0, 0
229, 14, 111, 38, 19, 0, 0, 54, 0, 0, 0, 0, 0, 0, 0
229, 63, 94, 36, 0, 0, 0, 58, 0, 0, 0, 0, 0, 0, 0
230, 0, 147, 28, 62, 9, 0, 48, 0, 0, 0, 0, 0, 0, 0
230, 1, 237, 48, 95, 21, 6, 62, 5, 0, 0, 0, 0, 0, 0
230, 2, 272, 34, 126, 21, 8, 78, 5, 0, 0, 0, 0, 0, 0
230, 3, 200, 36, 69, 18, 8, 64, 5, 0, 0, 0, 0, 0, 0
230, 4, 149, 32, 50, 12, 4, 46, 5, 0, 0, 0, 0, 0, 0
230, 5, 198, 36, 94, 3, 0, 60, 5, 0, 0, 0, 0, 0, 0
230, 6, 106, 36, 18, 0, 0, 52, 0, 0, 0, 0, 0, 0, 0
230, 7, 112, 38, 16, 0, 0, 58, 0, 0, 0, 0, 0, 0, 0
230, 8, 117, 38, 21, 0, 0, 58, 0, 0, 0, 0, 0, 0, 0
230, 9, 110, 36, 18, 0, 0, 56, 0, 0, 0, 0, 0, 0, 0
230, 11, 108, 38, 18, 0, 0, 52, 0, 0, 0, 0, 0, 0, 0
230, 12, 112, 38, 14, 0, 0, 60, 0, 0, 0, 0, 0, 0, 0
230, 13, 113, 38, 21, 0, 0, 54, 0, 0, 0, 0, 0, 0, 0
230, 14, 111, 38, 19, 0, 0, 54, 0, 0, 0, 0, 0, 0, 0
230, 63, 96, 36, 0, 0, 0, 60, 0, 0, 0, 0, 0, 0, 0
231, 0, 147, 28, 62, 9, 0, 48, 0, 0, 0, 0, 0, 0, 0
231, 1, 237, 48, 95, 21, 6, 62, 5, 0, 0, 0, 0, 0, 0
231, 2, 275, 34, 126, 24, 8, 78, 5, 0, 0, 0, 0, 0, 0
231, 3, 202, 38, 69, 18, 8, 64, 5, 0, 0, 0, 0, 0, 0
231, 4, 149, 32, 50, 12, 4, 46, 5, 0, 0, 0, 0, 0, 0
231, 5, 198, 36, 94, 3, 0, 60, 5, 0, 0, 0, 0, 0, 0
231, 6, 108, 36, 18, 0, 0, 54, 0, 0, 0, 0, 0, 0, 0
231, 7, 114, 38, 16, 0, 0, 60, 0, 0, 0, 0, 0, 0, 0
231, 8, 117, 38, 21, 0, 0, 58, 0, 0, 0, 0, 0, 0, 0
231, 9, 110, 36, 18, 0, 0, 56, 0, 0, 0, 0, 0, 0, 0
231, 11, 108, 38, 18, 0, 0, 52, 0, 0, 0, 0, 0, 0, 0
231, 12, 112, 38, 14, 0, 0, 60, 0, 0, 0, 0, 0, 0, 0
231, 13, 114, 38, 22, 0, 0, 54, 0, 0, 0, 0, 0, 0, 0
231, 14, 111, 38, 19, 0, 0, 54, 0, 0, 0, 0, 0, 0, 0
231, 63, 96, 36, 0, 0, 0, 60, 0, 0, 0, 0, 0, 0, 0
232, 0, 147, 28, 62, 9, 0, 48, 0, 0, 0, 0, 0, 0, 0
232, 1, 237, 48, 95, 21, 6, 62, 5, 0, 0, 0, 0, 0, 0
232, 2, 275, 34, 126, 24, 8, 78, 5, 0, 0, 0, 0, 0, 0
232, 3, 202, 38, 69, 18, 8, 64, 5, 0, 0, 0, 0, 0, 0
232, 4, 151, 32, 50, 12, 4, 48, 5, 0, 0, 0, 0, 0, 0
232, 5, 198, 36, 94, 3, 0, 60, 5, 0, 0, 0, 0, 0, 0
232, 6, 110, 36, 18, 0, 0, 56, 0, 0, 0, 0, 0, 0, 0
232, 7, 114, 38, 16, 0, 0, 60, 0, 0, 0, 0, 0, 0, 0
232, 8, 117, 38, 21, 0, 0, 58, 0, 0, 0, 0, 0, 0, 0
232, 9, 110, 36, 18, 0, 0, 56, 0, 0, 0, 0, 0, 0, 0
232, 11, 108, 38, 18, 0, 0, 52, 0, 0, 0, 0, 0, 0, 0
232, 12, 112, 38, 14, 0, 0, 60, 0, 0, 0, 0, 0, 0, 0
232, 13, 114, 38, 22, 0, 0, 54, 0, 0, 0, 0, 0, 0, 0
232, 14, 111, 38, 19, 0, 0, 54, 0, 0, 0, 0, 0, 0, 0
232, 63, 96, 36, 0, 0, 0, 60, 0, 0, 0, 0, 0, 0, 0
233, 0, 147, 28, 62, 9, 0, 48, 0, 0, 0, 0, 0, 0, 0
233, 1, 239, 48, 95, 21, 8, 62, 5, 0, 0, 0, 0, 0, 0
233, 2, 285, 34, 127, 24, 8, 82, 10, 0, 0, 0, 0, 0, 0
233, 3, 202, 38, 69, 18, 8, 64, 5, 0, 0, 0, 0, 0, 0
233, 4, 152, 32, 51, 12, 4, 48, 5, 0, 0, 0, 0, 0, 0
233, 5, 202, 38, 94, 3, 0, 62, 5, 0, 0, 0, 0, 0, 0
233, 6, 110, 36, 18, 0, 0, 56, 0, 0, 0, 0, 0, 0, 0
233, 7, 114, 38, 16, 0, 0, 60, 0, 0, 0, 0, 0, 0, 0
233, 8, 117, 38, 21, 0, 0, 58, 0, 0, 0, 0, 0, 0, 0
233, 9, 110, 36, 18, 0, 0, 56, 0, 0, 0, 0, 0, 0, 0
233, 11, 108, 38, 18, 0, 0, 52, 0, 0, 0, 0, 0, 0, 0
233, 12, 112, 38, 14, 0, 0, 60, 0, 0, 0, 0, 0, 0, 0
233, 13, 114, 38, 22, 0, 0, 54, 0, 0, 0, 0, 0, 0, 0
233, 14, 111, 38, 19, 0, 0, 54, 0, 0, 0, 0, 0, 0, 0
233, 63, 98, 36, 0, 0, 0, 62, 0, 0, 0, 0, 0, 0, 0
234, 0, 147, 28, 62, 9, 0, 48, 0, 0, 0, 0, 0, 0, 0
234, 1, 242, 48, 95, 24, 8, 62, 5, 0, 0, 0, 0, 0, 0
234, 2, 291, 34, 133, 24, 8, 82, 10, 0, 0, 0, 0, 0, 0
234, 3, 202, 38, 69, 18, 8, 64, 5, 0, 0, 0, 0, 0, 0
234, 4, 152, 32, 51, 12, 4, 48, 5, 0, 0, 0, 0, 0, 0
234, 5, 203, 38, 95, 3, 0, 62, 5, 0, 0, 0, 0, 0, 0
234, 6, 110, 36, 18, 0, 0, 56, 0, 0, 0, 0, 0, 0, 0
234, 7, 114, 38, 16, 0, 0, 60, 0, 0, 0, 0, 0, 0, 0
234, 8, 117, 38, 21, 0, 0, 58, 0, 0, 0, 0, 0, 0, 0
234, 9, 110, 36, 18, 0, 0, 56, 0, 0, 0, 0, 0, 0, 0
234, 11, 108, 38, 18, 0, 0, 52, 0, 0, 0, 0, 0, 0, 0
234, 12, 112, 38, 14, 0, 0, 60, 0, 0, 0, 0, 0, 0, 0
234, 13, 114, 38, 22, 0, 0, 54, 0, 0, 0, 0, 0, 0, 0
234, 14, 111, 38, 19, 0, 0, 54, 0, 0, 0, 0, 0, 0, 0
234, 63, 98, 36, 0, 0, 0, 62, 0, 0, 0, 0, 0, 0, 0
235, 0, 147, 28, 62, 9, 0, 48, 0, 0, 0, 0, 0, 0, 0
235, 1, 242, 48, 95, 24, 8, 62, 5, 0, 0, 0, 0, 0, 0
235, 2, 291, 34, 133, 24, 8, 82, 10, 0, 0, 0, 0, 0, 0
235, 3, 204, 38, 69, 18, 8, 66, 5, 0, 0, 0, 0, 0, 0
235, 4, 154, 34, 51, 12, 4, 48, 5, 0, 0, 0, 0, 0, 0
235, 5, 203, 38, 95, 3, 0, 62, 5, 0, 0, 0, 0, 0, 0
235, 6, 110, 36, 18, 0, 0, 56, 0, 0, 0, 0, 0, 0, 0
235, 7, 114, 38, 16, 0, 0, 60, 0, 0, 0, 0, 0, 0, 0
235, 8, 117, 38, 21, 0, 0, 58, 0, 0, 0, 0, 0, 0, 0
235, 9, 110, 36, 18, 0, 0, 56, 0, 0, 0, 0, 0, 0, 0
235, 11, 108, 38, 18, 0, 0, 52, 0, 0, 0, 0, 0, 0, 0
235, 12, 112, 38, 14, 0, 0, 60, 0, 0, 0, 0, 0, 0, 0
235, 13, 114, 38, 22, 0, 0, 54, 0, 0, 0, 0, 0, 0, 0
235, 14, 111, 38, 19, 0, 0, 54, 0, 0, 0, 0, 0, 0, 0
235, 63, 98, 36, 0, 0, 0, 62, 0, 0, 0, 0, 0, 0, 0
236, 0, 147, 28, 62, 9, 0, 48, 0, 0, 0, 0, 0, 0, 0
236, 1, 246, 50, 95, 24, 8, 64, 5, 0, 0, 0, 0, 0, 0
236, 2, 293, 34, 135, 24, 8, 82, 10, 0, 0, 0, 0, 0, 0
236, 3, 204, 38, 69, 18, 8, 66, 5, 0, 0, 0, 0, 0, 0
236, 4, 154, 34, 51, 12, 4, 48, 5, 0, 0, 0, 0, 0, 0
236, 5, 203, 38, 95, 3, 0, 62, 5, 0, 0, 0, 0, 0, 0
236, 6, 110, 36, 18, 0, 0, 56, 0, 0, 0, 0, 0, 0, 0
236, 7, 114, 38, 16, 0, 0, 60, 0, 0, 0, 0, 0, 0, 0
236, 8, 117, 38, 21, 0, 0, 58, 0, 0, 0, 0, 0, 0, 0
236, 9, 110, 36, 18, 0, 0, 56, 0, 0, 0, 0, 0, 0, 0
236, 11, 108, 38, 18, 0, 0, 52, 0, 0, 0, 0, 0, 0, 0
236, 12, 112, 38, 14, 0, 0, 60, 0, 0, 0, 0, 0, 0, 0
236, 13, 116, 38, 22, 0, 0, 56, 0, 0, 0, 0, 0, 0, 0
236, 14, 111, 38, 19, 0, 0, 54, 0, 0, 0, 0, 0, 0, 0
236, 63, 98, 36, 0, 0, 0, 62, 0, 0, 0, 0, 0, 0, 0
237, 0, 149, 30, 62, 9, 0, 48, 0, 0, 0, 0, 0, 0, 0
237, 1, 246, 50, 95, 24, 8, 64, 5, 0, 0, 0, 0, 0, 0
237, 2, 294, 34, 136, 24, 8, 82, 10, 0, 0, 0, 0, 0, 0
237, 3, 205, 38, 70, 18, 8, 66, 5, 0, 0, 0, 0, 0, 0
237, 4, 153, 34, 50, 12, 4, 48, 5, 0, 0, 0, 0, 0, 0
237, 5, 203, 38, 95, 3, 0, 62, 5, 0, 0, 0, 0, 0, 0
237, 6, 110, 36, 18, 0, 0, 56, 0, 0, 0, 0, 0, 0, 0
237, 7, 114, 38, 16, 0, 0, 60, 0, 0, 0, 0, 0, 0, 0
237, 8, 117, 38, 21, 0, 0, 58, 0, 0, 0, 0, 0, 0, 0
237, 9, 110, 36, 18, 0, 0, 56, 0, 0, 0, 0, 0, 0, 0
237, 11, 108, 38, 18, 0, 0, 52, 0, 0, 0, 0, 0, 0, 0
237, 12, 112, 38, 14, 0, 0, 60, 0, 0, 0, 0, 0, 0, 0
237, 13, 118, 38, 22, 0, 0, 58, 0, 0, 0, 0, 0, 0, 0
237, 14, 111, 38, 19, 0, 0, 54, 0, 0, 0, 0, 0, 0, 0
237, 63, 98, 36, 0, 0, 0, 62, 0, 0, 0, 0, 0, 0, 0
238, 0, 149, 30, 62, 9, 0, 48, 0, 0, 0, 0, 0, 0, 0
238, 1, 246, 50, 95, 24, 8, 64, 5, 0, 0, 0, 0, 0, 0
238, 2, 294, 34, 136, 24, 8, 82, 10, 0, 0, 0, 0, 0, 0
238, 3, 205, 38, 70, 18, 8, 66, 5, 0, 0, 0, 0, 0, 0
238, 4, 153, 34, 50, 12, 4, 48, 5, 0, 0, 0, 0, 0, 0
238, 5, 204, 38, 96, 3, 0, 62, 5, 0, 0, 0, 0, 0, 0
238, 6, 110, 36, 18, 0, 0, 56, 0, 0, 0, 0, 0, 0, 0
238, 7, 114, 38, 16, 0, 0, 60, 0, 0, 0, 0, 0, 0, 0
238, 8, 117, 38, 21, 0, 0, 58, 0, 0, 0, 0, 0, 0, 0
238, 9, 110, 36, 18, 0, 0, 56, 0, 0, 0, 0, 0, 0, 0
238, 11, 108, 38, 18, 0, 0, 52, 0, 0, 0, 0, 0, 0, 0
238, 12, 112, 38, 14, 0, 0, 60, 0, 0, 0, 0, 0, 0, 0
238, 13, 120, 38, 22, 0, 0, 60, 0, 0, 0, 0, 0, 0, 0
238, 14, 111, 38, 19, 0, 0, 54, 0, 0, 0, 0, 0, 0, 0
238, 63, 98, 36, 0, 0, 0, 62, 0, 0, 0, 0, 0, 0, 0
239, 0, 149, 30, 62, 9, 0, 48, 0, 0, 0, 0, 0, 0, 0
239, 1, 246, 50, 95, 24, 8, 64, 5, 0, 0, 0, 0, 0, 0
239, 2, 295, 34, 137, 24, 8, 82, 10, 0, 0, 0, 0, 0, 0
239, 3, 204, 38, 69, 18, 8, 66, 5, 0, 0, 0, 0, 0, 0
239, 4, 153, 34, 50, 12, 4, 48, 5, 0, 0, 0, 0, 0, 0
239, 5, 206, 38, 98, 3, 0, 62, 5, 0, 0, 0, 0, 0, 0
239, 6, 110, 36, 18, 0, 0, 56, 0, 0, 0, 0, 0, 0, 0
239, 7, 114, 38, 16, 0, 0, 60, 0, 0, 0, 0, 0, 0, 0
239, 8, 117, 38, 21, 0, 0, 58, 0, 0, 0, 0, 0, 0, 0
239, 9, 110, 36, 18, 0, 0, 56, 0, 0, 0, 0, 0, 0, 0
239, 11, 108, 38, 18, 0, 0, 52, 0, 0, 0, 0, 0, 0, 0
239, 12, 113, 38, 15, 0, 0, 60, 0, 0, 0, 0, 0, 0, 0
239, 13, 122, 38, 22, 0, 0, 62, 0, 0, 0, 0, 0, 0, 0
239, 14, 111, 38, 19, 0, 0, 54, 0, 0, 0, 0, 0, 0, 0
239, 63, 98, 36, 0, 0, 0, 62, 0, 0, 0, 0, 0, 0, 0
240, 0, 149, 30, 62, 9, 0, 48, 0, 0, 0, 0, 0, 0, 0
240, 1, 246, 50, 95, 24, 8, 64, 5, 0, 0, 0, 0, 0, 0
240, 2, 297, 36, 137, 24, 8, 82, 10, 0, 0, 0, 0, 0, 0
240, 3, 204, 38, 69, 18, 8, 66, 5, 0, 0, 0, 0, 0, 0
240, 4, 153, 34, 50, 12, 4, 48, 5, 0, 0, 0, 0, 0, 0
240, 5, 206, 38, 98, 3, 0, 62, 5, 0, 0, 0, 0, 0, 0
240, 6, 110, 36, 18, 0, 0, 56, 0, 0, 0, 0, 0, 0, 0
240, 7, 116, 40, 16, 0, 0, 60, 0, 0, 0, 0, 0, 0, 0
240, 8, 119, 40, 21, 0, 0, 58, 0, 0, 0, 0, 0, 0, 0
240, 9, 110, 36, 18, 0, 0, 56, 0, 0, 0, 0, 0, 0, 0
240, 11, 110, 40, 18, 0, 0, 52, 0, 0, 0, 0, 0, 0, 0
240, 12, 115, 40, 15, 0, 0, 60, 0, 0, 0, 0, 0, 0, 0
240, 13, 126, 40, 22, 0, 0, 64, 0, 0, 0, 0, 0, 0, 0
240, 14, 113, 40, 19, 0, 0, 54, 0, 0, 0, 0, 0, 0, 0
240, 63, 100, 38, 0, 0, 0, 62, 0, 0, 0, 0, 0, 0, 0
241, 0, 149, 30, 62, 9, 0, 48, 0, 0, 0, 0, 0, 0, 0
241, 1, 246, 50, 95, 24, 8, 64, 5, 0, 0, 0, 0, 0, 0
241, 2, 302, 36, 140, 24, 8, 84, 10, 0, 0, 0, 0, 0, 0
241, 3, 204, 38, 69, 18, 8, 66, 5, 0, 0, 0, 0, 0, 0
241, 4, 155, 36, 50, 12, 4, 48, 5, 0, 0, 0, 0, 0, 0
241, 5, 206, 38, 98, 3, 0, 62, 5, 0, 0, 0, 0, 0, 0
241, 6, 110, 36, 18, 0, 0, 56, 0, 0, 0, 0, 0, 0, 0
241, 7, 116, 40, 16, 0, 0, 60, 0, 0, 0, 0, 0, 0, 0
241, 8, 119, 40, 21, 0, 0, 58, 0, 0, 0, 0, 0, 0, 0
241, 9, 110, 36, 18, 0, 0, 56, 0, 0, 0, 0, 0, 0, 0
241, 11, 110, 40, 18, 0, 0, 52, 0, 0, 0, 0, 0, 0, 0
241, 12, 115, 40, 15, 0, 0, 60, 0, 0, 0, 0, 0, 0, 0
241, 13, 126, 40, 22, 0, 0, 64, 0, 0, 0, 0, 0, 0, 0
241, 14, 113, 40, 19, 0, 0, 54, 0, 0, 0, 0, 0, 0, 0
241, 63, 100, 38, 0, 0, 0, 62, 0, 0, 0, 0, 0, 0, 0
242, 0, 149, 30, 62, 9, 0, 48, 0, 0, 0, 0, 0, 0, 0
242, 1, 247, 50, 96, 24, 8, 64, 5, 0, 0, 0, 0, 0, 0
242, 2, 302, 36, 140, 24, 8, 84, 10, 0, 0, 0, 0, 0, 0
242, 3, 204, 38, 69, 18, 8, 66, 5, 0, 0, 0, 0, 0, 0
242, 4, 163, 36, 56, 12, 4, 50, 5, 0, 0, 0, 0, 0, 0
242, 5, 206, 38, 98, 3, 0, 62, 5, 0, 0, 0, 0, 0, 0
242, 6, 110, 36, 18, 0, 0, 56, 0, 0, 0, 0, 0, 0, 0
242, 7, 116, 40, 16, 0, 0, 60, 0, 0, 0, 0, 0, 0, 0
242, 8, 119, 40, 21, 0, 0, 58, 0, 0, 0, 0, 0, 0, 0
242, 9, 110, 36, 18, 0, 0, 56, 0, 0, 0, 0, 0, 0, 0
242, 11, 110, 40, 18, 0, 0, 52, 0, 0, 0, 0, 0, 0, 0
242, 12, 115, 40, 15, 0, 0, 60, 0, 0, 0, 0, 0, 0, 0
242, 13, 126, 40, 22, 0, 0, 64, 0, 0, 0, 0, 0, 0, 0
242, 14, 113, 40, 19, 0, 0, 54, 0, 0, 0, 0, 0, 0, 0
242, 63, 100, 38, 0, 0, 0, 62, 0, 0, 0, 0, 0, 0, 0
243, 0, 151, 30, 62, 9, 0, 50, 0, 0, 0, 0, 0, 0, 0
243, 1, 247, 50, 96, 24, 8, 64, 5, 0, 0, 0, 0, 0, 0
243, 2, 305, 36, 140, 27, 8, 84, 10, 0, 0, 0, 0, 0, 0
243, 3, 204, 38, 69, 18, 8, 66, 5, 0, 0, 0, 0, 0, 0
243, 4, 163, 36, 56, 12, 4, 50, 5, 0, 0, 0, 0, 0, 0
243, 5, 209, 38, 101, 3, 0, 62, 5, 0, 0, 0, 0, 0, 0
243, 6, 110, 36, 18, 0, 0, 56, 0, 0, 0, 0, 0, 0, 0
243, 7, 118, 40, 16, 0, 0, 62, 0, 0, 0, 0, 0, 0, 0
243, 8, 119, 40, 21, 0, 0, 58, 0, 0, 0, 0, 0, 0, 0
243, 9, 110, 36, 18, 0, 0, 56, 0, 0, 0, 0, 0, 0, 0
243, 11, 110, 40, 18, 0, 0, 52, 0, 0, 0, 0, 0, 0, 0
243, 12, 117, 40, 15, 0, 0, 62, 0, 0, 0, 0, 0, 0, 0
243, 13, 126, 40, 22, 0, 0, 64, 0, 0, 0, 0, 0, 0, 0
243, 14, 113, 40, 19, 0, 0, 54, 0, 0, 0, 0, 0, 0, 0
243, 63, 102, 38, 0, 0, 0, 64, 0, 0, 0, 0, 0, 0, 0
244, 0, 151, 30, 62, 9, 0, 50, 0, 0, 0, 0, 0, 0, 0
244, 1, 247, 50, 96, 24, 8, 64, 5, 0, 0, 0, 0, 0, 0
244, 2, 307, 36, 140, 27, 8, 86, 10, 0, 0, 0, 0, 0, 0
244, 3, 204, 38, 69, 18, 8, 66, 5, 0, 0, 0, 0, 0, 0
244, 4, 163, 36, 56, 12, 4, 50, 5, 0, 0, 0, 0, 0, 0
244, 5, 211, 38, 101, 3, 0, 64, 5, 0, 0, 0, 0, 0, 0
244, 6, 110, 36, 18, 0, 0, 56, 0, 0, 0, 0, 0, 0, 0
244, 7, 120, 40, 16, 0, 0, 64, 0, 0, 0, 0, 0, 0, 0
244, 8, 119, 40, 21, 0, 0, 58, 0, 0, 0, 0, 0, 0, 0
244, 9, 110, 36, 18, 0, 0, 56, 0, 0, 0, 0, 0, 0, 0
244, 11, 110, 40, 18, 0, 0, 52, 0, 0, 0, 0, 0, 0, 0
244, 12, 119, 40, 15, 0, 0, 64, 0, 0, 0, 0, 0, 0, 0
244, 13, 126, 40, 22, 0, 0, 64, 0, 0, 0, 0, 0, 0, 0
244, 14, 113, 40, 19, 0, 0, 54, 0, 0, 0, 0, 0, 0, 0
244, 63, 104, 38, 0, 0, 0, 66, 0, 0, 0, 0, 0, 0, 0
245, 0, 153, 30, 62, 9, 0, 52, 0, 0, 0, 0, 0, 0, 0
245, 1, 247, 50, 96, 24, 8, 64, 5, 0, 0, 0, 0, 0, 0
245, 2, 308, 36, 141, 27, 8, 86, 10, 0, 0, 0, 0, 0, 0
245, 3, 204, 38, 69, 18, 8, 66, 5, 0, 0, 0, 0, 0, 0
245, 4, 163, 36, 56, 12, 4, 50, 5, 0, 0, 0, 0, 0, 0
245, 5, 214, 38, 104, 3, 0, 64, 5, 0, 0, 0, 0, 0, 0
245, 6, 112, 38, 18, 0, 0, 56, 0, 0, 0, 0, 0, 0, 0
245, 7, 122, 40, 16, 0, 0, 66, 0, 0, 0, 0, 0, 0, 0
245, 8, 119, 40, 21, 0, 0, 58, 0, 0, 0, 0, 0, 0, 0
245, 9, 110, 36, 18, 0, 0, 56, 0, 0, 0, 0, 0, 0, 0
245, 11, 112, 40, 18, 0, 0, 54, 0, 0, 0, 0, 0, 0, 0
245, 12, 121, 40, 15, 0, 0, 66, 0, 0, 0, 0, 0, 0, 0
245, 13, 126, 40, 22, 0, 0, 64, 0, 0, 0, 0, 0, 0, 0
245, 14, 113, 40, 19, 0, 0, 54, 0, 0, 0, 0, 0, 0, 0
245, 63, 104, 38, 0, 0, 0, 66, 0, 0, 0, 0, 0, 0, 0
246, 0, 153, 30, 62, 9, 0, 52, 0, 0, 0, 0, 0, 0, 0
246, 1, 247, 50, 96, 24, 8, 64, 5, 0, 0, 0, 0, 0, 0
246, 2, 307, 36, 140, 27, 8, 86, 10, 0, 0, 0, 0, 0, 0
246, 3, 204, 38, 69, 18, 8, 66, 5, 0, 0, 0, 0, 0, 0
246, 4, 165, 38, 56, 12, 4, 50, 5, 0, 0, 0, 0, 0, 0
246, 5, 216, 40, 104, 3, 0, 64, 5, 0, 0, 0, 0, 0, 0
246, 6, 114, 40, 18, 0, 0, 56, 0, 0, 0, 0, 0, 0, 0
246, 7, 122, 40, 16, 0, 0, 66, 0, 0, 0, 0, 0, 0, 0
246, 8, 119, 40, 21, 0, 0, 58, 0, 0, 0, 0, 0, 0, 0
246, 9, 112, 38, 18, 0, 0, 56, 0, 0, 0, 0, 0, 0, 0
246, 11, 114, 40, 18, 0, 0, 56, 0, 0, 0, 0, 0, 0, 0
246, 12, 121, 40, 15, 0, 0, 66, 0, 0, 0, 0, 0, 0, 0
246, 13, 126, 40, 22, 0, 0, 64, 0, 0, 0, 0, 0, 0, 0
246, 14, 113, 40, 19, 0, 0, 54, 0, 0, 0, 0, 0, 0, 0
246, 63, 104, 38, 0, 0, 0, 66, 0, 0, 0, 0, 0, 0, 0
247, 0, 153, 30, 62, 9, 0, 52, 0, 0, 0, 0, 0, 0, 0
247, 1, 247, 50, 96, 24, 8, 64, 5, 0, 0, 0, 0, 0, 0
247, 2, 307, 36, 140, 27, 8, 86, 10, 0, 0, 0, 0, 0, 0
247, 3, 204, 38, 69, 18, 8, 66, 5, 0, 0, 0, 0, 0, 0
247, 4, 166, 38, 57, 12, 4, 50, 5, 0, 0, 0, 0, 0, 0
247, 5, 216, 40, 104, 3, 0, 64, 5, 0, 0, 0, 0, 0, 0
247, 6, 116, 42, 18, 0, 0, 56, 0, 0, 0, 0, 0, 0, 0
247, 7, 122, 40, 16, 0, 0, 66, 0, 0, 0, 0, 0, 0, 0
247, 8, 119, 40, 21, 0, 0, 58, 0, 0, 0, 0, 0, 0, 0
247, 9, 114, 40, 18, 0, 0, 56, 0, 0, 0, 0, 0, 0, 0
247, 11, 116, 40, 18, 0, 0, 58, 0, 0, 0, 0, 0, 0, 0
247, 12, 121, 40, 15, 0, 0, 66, 0, 0, 0, 0, 0, 0, 0
247, 13, 126, 40, 22, 0, 0, 64, 0, 0, 0, 0, 0, 0, 0
247, 14, 115, 40, 19, 0, 0, 56, 0, 0, 0, 0, 0, 0, 0
247, 63, 104, 38, 0, 0, 0, 66, 0, 0, 0, 0, 0, 0, 0
248, 0, 154, 30, 63, 9, 0, 52, 0, 0, 0, 0, 0, 0, 0
248, 1, 247, 50, 96, 24, 8, 64, 5, 0, 0, 0, 0, 0, 0
248, 2, 311, 36, 144, 27, 8, 86, 10, 0, 0, 0, 0, 0, 0
248, 3, 209, 40, 70, 18, 8, 68, 5, 0, 0, 0, 0, 0, 0
248, 4, 166, 38, 57, 12, 4, 50, 5, 0, 0, 0, 0, 0, 0
248, 5, 219, 40, 104, 6, 0, 64, 5, 0, 0, 0, 0, 0, 0
248, 6, 116, 42, 18, 0, 0, 56, 0, 0, 0, 0, 0, 0, 0
248, 7, 122, 40, 16, 0, 0, 66, 0, 0, 0, 0, 0, 0, 0
248, 8, 119, 40, 21, 0, 0, 58, 0, 0, 0, 0, 0, 0, 0
248, 9, 116, 42, 18, 0, 0, 56, 0, 0, 0, 0, 0, 0, 0
248, 11, 118, 40, 18, 0, 0, 60, 0, 0, 0, 0, 0, 0, 0
248, 12, 121, 40, 15, 0, 0, 66, 0, 0, 0, 0, 0, 0, 0
248, 13, 126, 40, 22, 0, 0, 64, 0, 0, 0, 0, 0, 0, 0
248, 14, 117, 40, 19, 0, 0, 58, 0, 0, 0, 0, 0, 0, 0
248, 63, 104, 38, 0, 0, 0, 66, 0, 0, 0, 0, 0, 0, 0
249, 0, 154, 30, 63, 9, 0, 52, 0, 0, 0, 0, 0, 0, 0
249, 1, 247, 50, 96, 24, 8, 64, 5, 0, 0, 0, 0, 0, 0
249, 2, 312, 36, 145, 27, 8, 86, 10, 0, 0, 0, 0, 0, 0
249, 3, 212, 40, 73, 18, 8, 68, 5, 0, 0, 0, 0, 0, 0
249, 4, 166, 38, 57, 12, 4, 50, 5, 0, 0, 0, 0, 0, 0
249, 5, 222, 40, 107, 6, 0, 64, 5, 0, 0, 0, 0, 0, 0
249, 6, 116, 42, 18, 0, 0, 56, 0, 0, 0, 0, 0, 0, 0
249, 7, 122, 40, 16, 0, 0, 66, 0, 0, 0, 0, 0, 0, 0
249, 8, 119, 40, 21, 0, 0, 58, 0, 0, 0, 0, 0, 0, 0
249, 9, 116, 42, 18, 0, 0, 56, 0, 0, 0, 0, 0, 0, 0
249, 11, 121, 40, 19, 0, 0, 62, 0, 0, 0, 0, 0, 0, 0
249, 12, 121, 40, 15, 0, 0, 66, 0, 0, 0, 0, 0, 0, 0
249, 13, 126, 40, 22, 0, 0, 64, 0, 0, 0, 0, 0, 0, 0
249, 14, 119, 40, 19, 0, 0, 60, 0, 0, 0, 0, 0, 0, 0
249, 63, 104, 38, 0, 0, 0, 66, 0, 0, 0, 0, 0, 0, 0
250, 0, 154, 30, 63, 9, 0, 52, 0, 0, 0, 0, 0, 0, 0
250, 1, 247, 50, 96, 24, 8, 64, 5, 0, 0, 0, 0, 0, 0
250, 2, 317, 36, 145, 27, 8, 86, 15, 0, 0, 0, 0, 0, 0
250, 3, 212, 40, 73, 18, 8, 68, 5, 0, 0, 0, 0, 0, 0
250, 4, 166, 38, 57, 12, 4, 50, 5, 0, 0, 0, 0, 0, 0
250, 5, 222, 40, 107, 6, 0, 64, 5, 0, 0, 0, 0, 0, 0
250, 6, 116, 42, 18, 0, 0, 56, 0, 0, 0, 0, 0, 0, 0
250, 7, 122, 40, 16, 0, 0, 66, 0, 0, 0, 0, 0, 0, 0
250, 8, 119, 40, 21, 0, 0, 58, 0, 0, 0, 0, 0, 0, 0
250, 9, 116, 42, 18, 0, 0, 56, 0, 0, 0, 0, 0, 0, 0
250, 11, 123, 40, 19, 0, 0, 64, 0, 0, 0, 0, 0, 0, 0
250, 12, 121, 40, 15, 0, 0, 66, 0, 0, 0, 0, 0, 0, 0
250, 13, 126, 40, 22, 0, 0, 64, 0, 0, 0, 0, 0, 0, 0
250, 14, 121, 40, 19, 0, 0, 62, 0, 0, 0, 0, 0, 0, 0
250, 63, 104, 38, 0, 0, 0, 66, 0, 0, 0, 0, 0, 0, 0
251, 0, 154, 30, 63, 9, 0, 52, 0, 0, 0, 0, 0, 0, 0
251, 1, 248, 50, 97, 24, 8, 64, 5, 0, 0, 0, 0, 0, 0
251, 2, 317, 36, 145, 27, 8, 86, 15, 0, 0, 0, 0, 0, 0
251, 3, 212, 40, 73, 18, 8, 68, 5, 0, 0, 0, 0, 0, 0
251, 4, 166, 38, 57, 12, 4, 50, 5, 0, 0, 0, 0, 0, 0
251, 5, 225, 40, 108, 6, 0, 66, 5, 0, 0, 0, 0, 0, 0
251, 6, 116, 42, 18, 0, 0, 56, 0, 0, 0, 0, 0, 0, 0
251, 7, 122, 40, 16, 0, 0, 66, 0, 0, 0, 0, 0, 0, 0
251, 8, 119, 40, 21, 0, 0, 58, 0, 0, 0, 0, 0, 0, 0
251, 9, 116, 42, 18, 0, 0, 56, 0, 0, 0, 0, 0, 0, 0
251, 11, 125, 40, 19, 0, 0, 66, 0, 0, 0, 0, 0, 0, 0
251, 12, 121, 40, 15, 0, 0, 66, 0, 0, 0, 0, 0, 0, 0
251, 13, 126, 40, 22, 0, 0, 64, 0, 0, 0, 0, 0, 0, 0
251, 14, 123, 40, 19, 0, 0, 64, 0, 0, 0, 0, 0, 0, 0
251, 63, 106, 38, 0, 0, 0, 68, 0, 0, 0, 0, 0, 0, 0
252, 0, 154, 30, 63, 9, 0, 52, 0, 0, 0, 0, 0, 0, 0
252, 1, 252, 52, 97, 24, 8, 66, 5, 0, 0, 0, 0, 0, 0
252, 2, 323, 38, 147, 27, 8, 88, 15, 0, 0, 0, 0, 0, 0
252, 3, 212, 40, 73, 18, 8, 68, 5, 0, 0, 0, 0, 0, 0
252, 4, 167, 38, 58, 12, 4, 50, 5, 0, 0, 0, 0, 0, 0
252, 5, 227, 42, 108, 6, 0, 66, 5, 0, 0, 0, 0, 0, 0
252, 6, 116, 42, 18, 0, 0, 56, 0, 0, 0, 0, 0, 0, 0
252, 7, 122, 40, 16, 0, 0, 66, 0, 0, 0, 0, 0, 0, 0
252, 8, 121, 40, 21, 0, 0, 60, 0, 0, 0, 0, 0, 0, 0
252, 9, 116, 42, 18, 0, 0, 56, 0, 0, 0, 0, 0, 0, 0
252, 11, 127, 40, 19, 0, 0, 68, 0, 0, 0, 0, 0, 0, 0
252, 12, 121, 40, 15, 0, 0, 66, 0, 0, 0, 0, 0, 0, 0
252, 13, 126, 40, 22, 0, 0, 64, 0, 0, 0, 0, 0, 0, 0
252, 14, 125, 40, 19, 0, 0, 66, 0, 0, 0, 0, 0, 0, 0
252, 63, 108, 40, 0, 0, 0, 68, 0, 0, 0, 0, 0, 0, 0
253, 0, 154, 30, 63, 9, 0, 52, 0, 0, 0, 0, 0, 0, 0
253, 1, 252, 52, 97, 24, 8, 66, 5, 0, 0, 0, 0, 0, 0
253, 2, 324, 38, 148, 27, 8, 88, 15, 0, 0, 0, 0, 0, 0
253, 3, 212, 40, 73, 18, 8, 68, 5, 0, 0, 0, 0, 0, 0
253, 4, 167, 38, 58, 12, 4, 50, 5, 0, 0, 0, 0, 0, 0
253, 5, 227, 42, 108, 6, 0, 66, 5, 0, 0, 0, 0, 0, 0
253, 6, 116, 42, 18, 0, 0, 56, 0, 0, 0, 0, 0, 0, 0
253, 7, 122, 40, 16, 0, 0, 66, 0, 0, 0, 0, 0, 0, 0
253, 8, 123, 40, 21, 0, 0, 62, 0, 0, 0, 0, 0, 0, 0
253, 9, 116, 42, 18, 0, 0, 56, 0, 0, 0, 0, 0, 0, 0
253, 11, 127, 40, 19, 0, 0, 68, 0, 0, 0, 0, 0, 0, 0
253, 12, 121, 40, 15, 0, 0, 66, 0, 0, 0, 0, 0, 0, 0
253, 13, 126, 40, 22, 0, 0, 64, 0, 0, 0, 0, 0, 0, 0
253, 14, 127, 40, 19, 0, 0, 68, 0, 0, 0, 0, 0, 0, 0
253, 63, 108, 40, 0, 0, 0, 68, 0, 0, 0, 0, 0, 0, 0
254, 0, 154, 30, 63, 9, 0, 52, 0, 0, 0, 0, 0, 0, 0
254, 1, 252, 52, 97, 24, 8, 66, 5, 0, 0, 0, 0, 0, 0
254, 2, 324, 38, 148, 27, 8, 88, 15, 0, 0, 0, 0, 0, 0
254, 3, 212, 40, 73, 18, 8, 68, 5, 0, 0, 0, 0, 0, 0
254, 4, 167, 38, 58, 12, 4, 50, 5, 0, 0, 0, 0, 0, 0
254, 5, 227, 42, 108, 6, 0, 66, 5, 0, 0, 0, 0, 0, 0
254, 6, 116, 42, 18, 0, 0, 56, 0, 0, 0, 0, 0, 0, 0
254, 7, 123, 40, 17, 0, 0, 66, 0, 0, 0, 0, 0, 0, 0
254, 8, 127, 40, 21, 0, 0, 66, 0, 0, 0, 0, 0, 0, 0
254, 9, 116, 42, 18, 0, 0, 56, 0, 0, 0, 0, 0, 0, 0
254, 11, 127, 40, 19, 0, 0, 68, 0, 0, 0, 0, 0, 0, 0
254, 12, 121, 40, 15, 0, 0, 66, 0, 0, 0, 0, 0, 0, 0
254, 13, 126, 40, 22, 0, 0, 64, 0, 0, 0, 0, 0, 0, 0
254, 14, 127, 40, 19, 0, 0, 68, 0, 0, 0, 0, 0, 0, 0
254, 63, 108, 40, 0, 0, 0, 68, 0, 0, 0, 0, 0, 0, 0
255, 0, 154, 30, 63, 9, 0, 52, 0, 0, 0, 0, 0, 0, 0
255, 1, 252, 52, 97, 24, 8, 66, 5, 0, 0, 0, 0, 0, 0
255, 2, 326, 38, 148, 27, 8, 90, 15, 0, 0, 0, 0, 0, 0
255, 3, 212, 40, 73, 18, 8, 68, 5, 0, 0, 0, 0, 0, 0
255, 4, 170, 40, 59, 12, 4, 50, 5, 0, 0, 0, 0, 0, 0
255, 5, 227, 42, 108, 6, 0, 66, 5, 0, 0, 0, 0, 0, 0
255, 6, 118, 42, 18, 0, 0, 58, 0, 0, 0, 0, 0, 0, 0
255, 7, 123, 40, 17, 0, 0, 66, 0, 0, 0, 0, 0, 0, 0
255, 8, 129, 40, 21, 0, 0, 68, 0, 0, 0, 0, 0, 0, 0
255, 9, 116, 42, 18, 0, 0, 56, 0, 0, 0, 0, 0, 0, 0
255, 11, 127, 40, 19, 0, 0, 68, 0, 0, 0, 0, 0, 0, 0
255, 12, 121, 40, 15, 0, 0, 66, 0, 0, 0, 0, 0, 0, 0
255, 13, 126, 40, 22, 0, 0, 64, 0, 0, 0, 0, 0, 0, 0
255, 14, 127, 40, 19, 0, 0, 68, 0, 0, 0, 0, 0, 0, 0
255, 63, 108, 40, 0, 0, 0, 68, 0, 0, 0, 0, 0, 0, 0
256, 0, 154, 30, 63, 9, 0, 52, 0, 0, 0, 0, 0, 0, 0
256, 1, 255, 52, 100, 24, 8, 66, 5, 0, 0, 0, 0, 0, 0
256, 2, 329, 38, 151, 27, 8, 90, 15, 0, 0, 0, 0, 0, 0
256, 3, 214, 40, 73, 18, 8, 70, 5, 0, 0, 0, 0, 0, 0
256, 4, 170, 40, 59, 12, 4, 50, 5, 0, 0, 0, 0, 0, 0
256, 5, 227, 42, 108, 6, 0, 66, 5, 0, 0, 0, 0, 0, 0
256, 6, 120, 42, 18, 0, 0, 60, 0, 0, 0, 0, 0, 0, 0
256, 7, 123, 40, 17, 0, 0, 66, 0, 0, 0, 0, 0, 0, 0
256, 8, 131, 40, 21, 0, 0, 70, 0, 0, 0, 0, 0, 0, 0
256, 9, 116, 42, 18, 0, 0, 56, 0, 0, 0, 0, 0, 0, 0
256, 11, 127, 40, 19, 0, 0, 68, 0, 0, 0, 0, 0, 0, 0
256, 12, 121, 40, 15, 0, 0, 66, 0, 0, 0, 0, 0, 0, 0
256, 13, 126, 40, 22, 0, 0, 64, 0, 0, 0, 0, 0, 0, 0
256, 14, 127, 40, 19, 0, 0, 68, 0, 0, 0, 0, 0, 0, 0
256, 63, 108, 40, 0, 0, 0, 68, 0, 0, 0, 0, 0, 0, 0
257, 0, 154, 30, 63, 9, 0, 52, 0, 0, 0, 0, 0, 0, 0
257, 1, 255, 52, 100, 24, 8, 66, 5, 0, 0, 0, 0, 0, 0
257, 2, 329, 38, 151, 27, 8, 90, 15, 0, 0, 0, 0, 0, 0
257, 3, 214, 40, 73, 18, 8, 70, 5, 0, 0, 0, 0, 0, 0
257, 4, 170, 40, 59, 12, 4, 50, 5, 0, 0, 0, 0, 0, 0
257, 5, 228, 42, 109, 6, 0, 66, 5, 0, 0, 0, 0, 0, 0
257, 6, 122, 42, 18, 0, 0, 62, 0, 0, 0, 0, 0, 0, 0
257, 7, 123, 40, 17, 0, 0, 66, 0, 0, 0, 0, 0, 0, 0
257, 8, 131, 40, 21, 0, 0, 70, 0, 0, 0, 0, 0, 0, 0
257, 9, 116, 42, 18, 0, 0, 56, 0, 0, 0, 0, 0, 0, 0
257, 11, 127, 40, 19, 0, 0, 68, 0, 0, 0, 0, 0, 0, 0
257, 12, 121, 40, 15, 0, 0, 66, 0, 0, 0, 0, 0, 0, 0
257, 13, 126, 40, 22, 0, 0, 64, 0, 0, 0, 0, 0, 0, 0
257, 14, 127, 40, 19, 0, 0, 68, 0, 0, 0, 0, 0, 0, 0
257, 63, 108, 40, 0, 0, 0, 68, 0, 0, 0, 0, 0, 0, 0
258, 0, 154, 30, 63, 9, 0, 52, 0, 0, 0, 0, 0, 0, 0
258, 1, 255, 52, 100, 24, 8, 66, 5, 0, 0, 0, 0, 0, 0
258, 2, 329, 38, 151, 27, 8, 90, 15, 0, 0, 0, 0, 0, 0
258, 3, 214, 40, 73, 18, 8, 70, 5, 0, 0, 0, 0, 0, 0
258, 4, 170, 40, 59, 12, 4, 50, 5, 0, 0, 0, 0, 0, 0
258, 5, 228, 42, 109, 6, 0, 66, 5, 0, 0, 0, 0, 0, 0
258, 6, 124, 42, 18, 0, 0, 64, 0, 0, 0, 0, 0, 0, 0
258, 7, 123, 40, 17, 0, 0, 66, 0, 0, 0, 0, 0, 0, 0
258, 8, 131, 40, 21, 0, 0, 70, 0, 0, 0, 0, 0, 0, 0
258, 9, 116, 42, 18, 0, 0, 56, 0, 0, 0, 0, 0, 0, 0
258, 11, 127, 40, 19, 0, 0, 68, 0, 0, 0, 0, 0, 0, 0
258, 12, 121, 40, 15, 0, 0, 66, 0, 0, 0, 0, 0, 0, 0
258, 13, 126, 40, 22, 0, 0, 64, 0, 0, 0, 0, 0, 0, 0
258, 14, 127, 40, 19, 0, 0, 68, 0, 0, 0, 0, 0, 0, 0
258, 63, 108, 40, 0, 0, 0, 68, 0, 0, 0, 0, 0, 0, 0
259, 0, 154, 30, 63, 9, 0, 52, 0, 0, 0, 0, 0, 0, 0
259, 1, 255, 52, 100, 24, 8, 66, 5, 0, 0, 0, 0, 0, 0
259, 2, 329, 38, 151, 27, 8, 90, 15, 0, 0, 0, 0, 0, 0
259, 3, 217, 40, 73, 21, 8, 70, 5, 0, 0, 0, 0, 0, 0
259, 4, 173, 40, 62, 12, 4, 50, 5, 0, 0, 0, 0, 0, 0
259, 5, 230, 42, 109, 6, 0, 68, 5, 0, 0, 0, 0, 0, 0
259, 6, 126, 42, 18, 0, 0, 66, 0, 0, 0, 0, 0, 0, 0
259, 7, 123, 40, 17, 0, 0, 66, 0, 0, 0, 0, 0, 0, 0
259, 8, 132, 40, 22, 0, 0, 70, 0, 0, 0, 0, 0, 0, 0
259, 9, 116, 42, 18, 0, 0, 56, 0, 0, 0, 0, 0, 0, 0
259, 11, 127, 40, 19, 0, 0, 68, 0, 0, 0, 0, 0, 0, 0
259, 12, 121, 40, 15, 0, 0, 66, 0, 0, 0, 0, 0, 0, 0
259, 13, 126, 40, 22, 0, 0, 64, 0, 0, 0, 0, 0, 0, 0
259, 14, 127, 40, 19, 0, 0, 68, 0, 0, 0, 0, 0, 0, 0
259, 63, 108, 40, 0, 0, 0, 68, 0, 0, 0, 0, 0, 0, 0
260, 0, 154, 30, 63, 9, 0, 52, 0, 0, 0, 0, 0, 0, 0
260, 1, 255, 52, 100, 24, 8, 66, 5, 0, 0, 0, 0, 0, 0
260, 2, 335, 38, 157, 27, 8, 90, 15, 0, 0, 0, 0, 0, 0
260, 3, 217, 40, 73, 21, 8, 70, 5, 0, 0, 0, 0, 0, 0
260, 4, 173, 40, 62, 12, 4, 50, 5, 0, 0, 0, 0, 0, 0
260, 5, 230, 42, 109, 6, 0, 68, 5, 0, 0, 0, 0, 0, 0
260, 6, 128, 42, 18, 0, 0, 68, 0, 0, 0, 0, 0, 0, 0
260, 7, 123, 40, 17, 0, 0, 66, 0, 0, 0, 0, 0, 0, 0
260, 8, 132, 40, 22, 0, 0, 70, 0, 0, 0, 0, 0, 0, 0
260, 9, 116, 42, 18, 0, 0, 56, 0, 0, 0, 0, 0, 0, 0
260, 11, 127, 40, 19, 0, 0, 68, 0, 0, 0, 0, 0, 0, 0
260, 12, 121, 40, 15, 0, 0, 66, 0, 0, 0, 0, 0, 0, 0
260, 13, 126, 40, 22, 0, 0, 64, 0, 0, 0, 0, 0, 0, 0
260, 14, 127, 40, 19, 0, 0, 68, 0, 0, 0, 0, 0, 0, 0
260, 63, 108, 40, 0, 0, 0, 68, 0, 0, 0, 0, 0, 0, 0
261, 0, 154, 30, 63, 9, 0, 52, 0, 0, 0, 0, 0, 0, 0
261, 1, 255, 52, 100, 24, 8, 66, 5, 0, 0, 0, 0, 0, 0
261, 2, 336, 38, 158, 27, 8, 90, 15, 0, 0, 0, 0, 0, 0
261, 3, 217, 40, 73, 21, 8, 70, 5, 0, 0, 0, 0, 0, 0
261, 4, 174, 40, 63, 12, 4, 50, 5, 0, 0, 0, 0, 0, 0
261, 5, 230, 42, 109, 6, 0, 68, 5, 0, 0, 0, 0, 0, 0
261, 6, 130, 42, 18, 0, 0, 70, 0, 0, 0, 0, 0, 0, 0
261, 7, 123, 40, 17, 0, 0, 66, 0, 0, 0, 0, 0, 0, 0
261, 8, 132, 40, 22, 0, 0, 70, 0, 0, 0, 0, 0, 0, 0
261, 9, 118, 42, 18, 0, 0, 58, 0, 0, 0, 0, 0, 0, 0
261, 11, 127, 40, 19, 0, 0, 68, 0, 0, 0, 0, 0, 0, 0
261, 12, 121, 40, 15, 0, 0, 66, 0, 0, 0, 0, 0, 0, 0
261, 13, 126, 40, 22, 0, 0, 64, 0, 0, 0, 0, 0, 0, 0
261, 14, 127, 40, 19, 0, 0, 68, 0, 0, 0, 0, 0, 0, 0
261, 63, 108, 40, 0, 0, 0, 68, 0, 0, 0, 0, 0, 0, 0
262, 0, 159, 30, 63, 9, 0, 52, 5, 0, 0, 0, 0, 0, 0
262, 1, 258, 52, 101, 24, 8, 68, 5, 0, 0, 0, 0, 0, 0
262, 2, 337, 38, 159, 27, 8, 90, 15, 0, 0, 0, 0, 0, 0
262, 3, 217, 40, 73, 21, 8, 70, 5, 0, 0, 0, 0, 0, 0
262, 4, 174, 40, 63, 12, 4, 50, 5, 0, 0, 0, 0, 0, 0
262, 5, 230, 42, 109, 6, 0, 68, 5, 0, 0, 0, 0, 0, 0
262, 6, 130, 42, 18, 0, 0, 70, 0, 0, 0, 0, 0, 0, 0
262, 7, 123, 40, 17, 0, 0, 66, 0, 0, 0, 0, 0, 0, 0
262, 8, 132, 40, 22, 0, 0, 70, 0, 0, 0, 0, 0, 0, 0
262, 9, 120, 42, 18, 0, 0, 60, 0, 0, 0, 0, 0, 0, 0
262, 11, 127, 40, 19, 0, 0, 68, 0, 0, 0, 0, 0, 0, 0
262, 12, 121, 40, 15, 0, 0, 66, 0, 0, 0, 0, 0, 0, 0
262, 13, 126, 40, 22, 0, 0, 64, 0, 0, 0, 0, 0, 0, 0
262, 14, 127, 40, 19, 0, 0, 68, 0, 0, 0, 0, 0, 0, 0
262, 63, 108, 40, 0, 0, 0, 68, 0, 0, 0, 0, 0, 0, 0
263, 0, 159, 30, 63, 9, 0, 52, 5, 0, 0, 0, 0, 0, 0
263, 1, 260, 52, 101, 24, 8, 70, 5, 0, 0, 0, 0, 0, 0
263, 2, 339, 38, 159, 27, 8, 92, 15, 0, 0, 0, 0, 0, 0
263, 3, 217, 40, 73, 21, 8, 70, 5, 0, 0, 0, 0, 0, 0
263, 4, 177, 40, 63, 15, 4, 50, 5, 0, 0, 0, 0, 0, 0
263, 5, 230, 42, 109, 6, 0, 68, 5, 0, 0, 0, 0, 0, 0
263, 6, 130, 42, 18, 0, 0, 70, 0, 0, 0, 0, 0, 0, 0
263, 7, 123, 40, 17, 0, 0, 66, 0, 0, 0, 0, 0, 0, 0
263, 8, 132, 40, 22, 0, 0, 70, 0, 0, 0, 0, 0, 0, 0
263, 9, 122, 42, 18, 0, 0, 62, 0, 0, 0, 0, 0, 0, 0
263, 11, 127, 40, 19, 0, 0, 68, 0, 0, 0, 0, 0, 0, 0
263, 12, 121, 40, 15, 0, 0, 66, 0, 0, 0, 0, 0, 0, 0
263, 13, 126, 40, 22, 0, 0, 64, 0, 0, 0, 0, 0, 0, 0
263, 14, 127, 40, 19, 0, 0, 68, 0, 0, 0, 0, 0, 0, 0
263, 63, 108, 40, 0, 0, 0, 68, 0, 0, 0, 0, 0, 0, 0
264, 0, 161, 30, 63, 9, 0, 54, 5, 0, 0, 0, 0, 0, 0
264, 1, 265, 52, 101, 27, 8, 72, 5, 0, 0, 0, 0, 0, 0
264, 2, 339, 38, 159, 27, 8, 92, 15, 0, 0, 0, 0, 0, 0
264, 3, 217, 40, 73, 21, 8, 70, 5, 0, 0, 0, 0, 0, 0
264, 4, 179, 40, 63, 15, 4, 52, 5, 0, 0, 0, 0, 0, 0
264, 5, 230, 42, 109, 6, 0, 68, 5, 0, 0, 0, 0, 0, 0
264, 6, 130, 42, 18, 0, 0, 70, 0, 0, 0, 0, 0, 0, 0
264, 7, 123, 40, 17, 0, 0, 66, 0, 0, 0, 0, 0, 0, 0
264, 8, 134, 42, 22, 0, 0, 70, 0, 0, 0, 0, 0, 0, 0
264, 9, 124, 42, 18, 0, 0, 64, 0, 0, 0, 0, 0, 0, 0
264, 11, 127, 40, 19, 0, 0, 68, 0, 0, 0, 0, 0, 0, 0
264, 12, 121, 40, 15, 0, 0, 66, 0, 0, 0, 0, 0, 0, 0
264, 13, 126, 40, 22, 0, 0, 64, 0, 0, 0, 0, 0, 0, 0
264, 14, 127, 40, 19, 0, 0, 68, 0, 0, 0, 0, 0, 0, 0
264, 63, 108, 40, 0, 0, 0, 68, 0, 0, 0, 0, 0, 0, 0
265, 0, 163, 32, 63, 9, 0, 54, 5, 0, 0, 0, 0, 0, 0
265, 1, 266, 52, 102, 27, 8, 72, 5, 0, 0, 0, 0, 0, 0
265, 2, 340, 38, 160, 27, 8, 92, 15, 0, 0, 0, 0, 0, 0
265, 3, 217, 40, 73, 21, 8, 70, 5, 0, 0, 0, 0, 0, 0
265, 4, 179, 40, 63, 15, 4, 52, 5, 0, 0, 0, 0, 0, 0
265, 5, 236, 42, 115, 6, 0, 68, 5, 0, 0, 0, 0, 0, 0
265, 6, 131, 42, 19, 0, 0, 70, 0, 0, 0, 0, 0, 0, 0
265, 7, 123, 40, 17, 0, 0, 66, 0, 0, 0, 0, 0, 0, 0
265, 8, 134, 42, 22, 0, 0, 70, 0, 0, 0, 0, 0, 0, 0
265, 9, 126, 42, 18, 0, 0, 66, 0, 0, 0, 0, 0, 0, 0
265, 11, 127, 40, 19, 0, 0, 68, 0, 0, 0, 0, 0, 0, 0
265, 12, 121, 40, 15, 0, 0, 66, 0, 0, 0, 0, 0, 0, 0
265, 13, 126, 40, 22, 0, 0, 64, 0, 0, 0, 0, 0, 0, 0
265, 14, 127, 40, 19, 0, 0, 68, 0, 0, 0, 0, 0, 0, 0
265, 63, 110, 42, 0, 0, 0, 68, 0, 0, 0, 0, 0, 0, 0
266, 0, 165, 32, 63, 9, 0, 56, 5, 0, 0, 0, 0, 0, 0
266, 1, 266, 52, 102, 27, 8, 72, 5, 0, 0, 0, 0, 0, 0
266, 2, 342, 38, 160, 27, 8, 94, 15, 0, 0, 0, 0, 0, 0
266, 3, 220, 40, 73, 24, 8, 70, 5, 0, 0, 0, 0, 0, 0
266, 4, 179, 40, 63, 15, 4, 52, 5, 0, 0, 0, 0, 0, 0
266, 5, 238, 42, 115, 6, 0, 70, 5, 0, 0, 0, 0, 0, 0
266, 6, 131, 42, 19, 0, 0, 70, 0, 0, 0, 0, 0, 0, 0
266, 7, 125, 40, 17, 0, 0, 68, 0, 0, 0, 0, 0, 0, 0
266, 8, 134, 42, 22, 0, 0, 70, 0, 0, 0, 0, 0, 0, 0
266, 9, 129, 42, 19, 0, 0, 68, 0, 0, 0, 0, 0, 0, 0
266, 11, 127, 40, 19, 0, 0, 68, 0, 0, 0, 0, 0, 0, 0
266, 12, 121, 40, 15, 0, 0, 66, 0, 0, 0, 0, 0, 0, 0
266, 13, 126, 40, 22, 0, 0, 64, 0, 0, 0, 0, 0, 0, 0
266, 14, 127, 40, 19, 0, 0, 68, 0, 0, 0, 0, 0, 0, 0
266, 63, 112, 42, 0, 0, 0, 70, 0, 0, 0, 0, 0, 0, 0
267, 0, 165, 32, 63, 9, 0, 56, 5, 0, 0, 0, 0, 0, 0
267, 1, 266, 52, 102, 27, 8, 72, 5, 0, 0, 0, 0, 0, 0
267, 2, 344, 38, 162, 27, 8, 94, 15, 0, 0, 0, 0, 0, 0
267, 3, 220, 40, 73, 24, 8, 70, 5, 0, 0, 0, 0, 0, 0
267, 4, 182, 40, 66, 15, 4, 52, 5, 0, 0, 0, 0, 0, 0
267, 5, 238, 42, 115, 6, 0, 70, 5, 0, 0, 0, 0, 0, 0
267, 6, 131, 42, 19, 0, 0, 70, 0, 0, 0, 0, 0, 0, 0
267, 7, 127, 40, 17, 0, 0, 70, 0, 0, 0, 0, 0, 0, 0
267, 8, 134, 42, 22, 0, 0, 70, 0, 0, 0, 0, 0, 0, 0
267, 9, 129, 42, 19, 0, 0, 68, 0, 0, 0, 0, 0, 0, 0
267, 11, 127, 40, 19, 0, 0, 68, 0, 0, 0, 0, 0, 0, 0
267, 12, 121, 40, 15, 0, 0, 66, 0, 0, 0, 0, 0, 0, 0
267, 13, 126, 40, 22, 0, 0, 64, 0, 0, 0, 0, 0, 0, 0
267, 14, 127, 40, 19, 0, 0, 68, 0, 0, 0, 0, 0, 0, 0
267, 63, 112, 42, 0, 0, 0, 70, 0, 0, 0, 0, 0, 0, 0
268, 0, 165, 32, 63, 9, 0, 56, 5, 0, 0, 0, 0, 0, 0
268, 1, 268, 52, 102, 27, 8, 74, 5, 0, 0, 0, 0, 0, 0
268, 2, 347, 40, 163, 27, 8, 94, 15, 0, 0, 0, 0, 0, 0
268, 3, 221, 40, 74, 24, 8, 70, 5, 0, 0, 0, 0, 0, 0
268, 4, 182, 40, 66, 15, 4, 52, 5, 0, 0, 0, 0, 0, 0
268, 5, 239, 42, 116, 6, 0, 70, 5, 0, 0, 0, 0, 0, 0
268, 6, 131, 42, 19, 0, 0, 70, 0, 0, 0, 0, 0, 0, 0
268, 7, 129, 42, 17, 0, 0, 70, 0, 0, 0, 0, 0, 0, 0
268, 8, 134, 42, 22, 0, 0, 70, 0, 0, 0, 0, 0, 0, 0
268, 9, 129, 42, 19, 0, 0, 68, 0, 0, 0, 0, 0, 0, 0
268, 11, 127, 40, 19, 0, 0, 68, 0, 0, 0, 0, 0, 0, 0
268, 12, 122, 40, 16, 0, 0, 66, 0, 0, 0, 0, 0, 0, 0
268, 13, 126, 40, 22, 0, 0, 64, 0, 0, 0, 0, 0, 0, 0
268, 14, 127, 40, 19, 0, 0, 68, 0, 0, 0, 0, 0, 0, 0
268, 63, 114, 42, 0, 0, 0, 72, 0, 0, 0, 0, 0, 0, 0
269, 0, 167, 34, 63, 9, 0, 56, 5, 0, 0, 0, 0, 0, 0
269, 1, 268, 52, 102, 27, 8, 74, 5, 0, 0, 0, 0, 0, 0
269, 2, 348, 40, 164, 27, 8, 94, 15, 0, 0, 0, 0, 0, 0
269, 3, 223, 40, 74, 24, 8, 72, 5, 0, 0, 0, 0, 0, 0
269, 4, 185, 40, 67, 15, 4, 54, 5, 0, 0, 0, 0, 0, 0
269, 5, 241, 42, 116, 6, 0, 72, 5, 0, 0, 0, 0, 0, 0
269, 6, 131, 42, 19, 0, 0, 70, 0, 0, 0, 0, 0, 0, 0
269, 7, 131, 44, 17, 0, 0, 70, 0, 0, 0, 0, 0, 0, 0
269, 8, 134, 42, 22, 0, 0, 70, 0, 0, 0, 0, 0, 0, 0
269, 9, 129, 42, 19, 0, 0, 68, 0, 0, 0, 0, 0, 0, 0
269, 11, 127, 40, 19, 0, 0, 68, 0, 0, 0, 0, 0, 0, 0
269, 12, 124, 42, 16, 0, 0, 66, 0, 0, 0, 0, 0, 0, 0
269, 13, 126, 40, 22, 0, 0, 64, 0, 0, 0, 0, 0, 0, 0
269, 14, 127, 40, 19, 0, 0, 68, 0, 0, 0, 0, 0, 0, 0
269, 63, 116, 42, 0, 0, 0, 74, 0, 0, 0, 0, 0, 0, 0
270, 0, 167, 34, 63, 9, 0, 56, 5, 0, 0, 0, 0, 0, 0
270, 1, 270, 52, 102, 27, 8, 76, 5, 0, 0, 0, 0, 0, 0
270, 2, 348, 40, 164, 27, 8, 94, 15, 0, 0, 0, 0, 0, 0
270, 3, 223, 40, 74, 24, 8, 72, 5, 0, 0, 0, 0, 0, 0
270, 4, 185, 40, 67, 15, 4, 54, 5, 0, 0, 0, 0, 0, 0
270, 5, 241, 42, 116, 6, 0, 72, 5, 0, 0, 0, 0, 0, 0
270, 6, 131, 42, 19, 0, 0, 70, 0, 0, 0, 0, 0, 0, 0
270, 7, 131, 44, 17, 0, 0, 70, 0, 0, 0, 0, 0, 0, 0
270, 8, 134, 42, 22, 0, 0, 70, 0, 0, 0, 0, 0, 0, 0
270, 9, 129, 42, 19, 0, 0, 68, 0, 0, 0, 0, 0, 0, 0
270, 11, 127, 40, 19, 0, 0, 68, 0, 0, 0, 0, 0, 0, 0
270, 12, 126, 44, 16, 0, 0, 66, 0, 0, 0, 0, 0, 0, 0
270, 13, 128, 42, 22, 0, 0, 64, 0, 0, 0, 0, 0, 0, 0
270, 14, 129, 42, 19, 0, 0, 68, 0, 0, 0, 0, 0, 0, 0
270, 63, 116, 42, 0, 0, 0, 74, 0, 0, 0, 0, 0, 0, 0
271, 0, 167, 34, 63, 9, 0, 56, 5, 0, 0, 0, 0, 0, 0
271, 1, 270, 52, 102, 27, 8, 76, 5, 0, 0, 0, 0, 0, 0
271, 2, 348, 40, 164, 27, 8, 94, 15, 0, 0, 0, 0, 0, 0
271, 3, 223, 40, 74, 24, 8, 72, 5, 0, 0, 0, 0, 0, 0
271, 4, 187, 42, 67, 15, 4, 54, 5, 0, 0, 0, 0, 0, 0
271, 5, 245, 44, 116, 6, 0, 74, 5, 0, 0, 0, 0, 0, 0
271, 6, 131, 42, 19, 0, 0, 70, 0, 0, 0, 0, 0, 0, 0
271, 7, 131, 44, 17, 0, 0, 70, 0, 0, 0, 0, 0, 0, 0
271, 8, 134, 42, 22, 0, 0, 70, 0, 0, 0, 0, 0, 0, 0
271, 9, 129, 42, 19, 0, 0, 68, 0, 0, 0, 0, 0, 0, 0
271, 11, 127, 40, 19, 0, 0, 68, 0, 0, 0, 0, 0, 0, 0
271, 12, 130, 46, 16, 0, 0, 68, 0, 0, 0, 0, 0, 0, 0
271, 13, 128, 42, 22, 0, 0, 64, 0, 0, 0, 0, 0, 0, 0
271, 14, 131, 44, 19, 0, 0, 68, 0, 0, 0, 0, 0, 0, 0
271, 63, 116, 42, 0, 0, 0, 74, 0, 0, 0, 0, 0, 0, 0
272, 0, 168, 34, 64, 9, 0, 56, 5, 0, 0, 0, 0, 0, 0
272, 1, 270, 52, 102, 27, 8, 76, 5, 0, 0, 0, 0, 0, 0
272, 2, 348, 40, 164, 27, 8, 94, 15, 0, 0, 0, 0, 0, 0
272, 3, 223, 40, 74, 24, 8, 72, 5, 0, 0, 0, 0, 0, 0
272, 4, 187, 42, 67, 15, 4, 54, 5, 0, 0, 0, 0, 0, 0
272, 5, 245, 44, 116, 6, 0, 74, 5, 0, 0, 0, 0, 0, 0
272, 6, 131, 42, 19, 0, 0, 70, 0, 0, 0, 0, 0, 0, 0
272, 7, 131, 44, 17, 0, 0, 70, 0, 0, 0, 0, 0, 0, 0
272, 8, 134, 42, 22, 0, 0, 70, 0, 0, 0, 0, 0, 0, 0
272, 9, 129, 42, 19, 0, 0, 68, 0, 0, 0, 0, 0, 0, 0
272, 11, 127, 40, 19, 0, 0, 68, 0, 0, 0, 0, 0, 0, 0
272, 12, 132, 46, 16, 0, 0, 70, 0, 0, 0, 0, 0, 0, 0
272, 13, 128, 42, 22, 0, 0, 64, 0, 0, 0, 0, 0, 0, 0
272, 14, 133, 46, 19, 0, 0, 68, 0, 0, 0, 0, 0, 0, 0
272, 63, 116, 42, 0, 0, 0, 74, 0, 0, 0, 0, 0, 0, 0
273, 0, 168, 34, 64, 9, 0, 56, 5, 0, 0, 0, 0, 0, 0
273, 1, 270, 52, 102, 27, 8, 76, 5, 0, 0, 0, 0, 0, 0
273, 2, 350, 40, 166, 27, 8, 94, 15, 0, 0, 0, 0, 0, 0
273, 3, 223, 40, 74, 24, 8, 72, 5, 0, 0, 0, 0, 0, 0
273, 4, 187, 42, 67, 15, 4, 54, 5, 0, 0, 0, 0, 0, 0
273, 5, 245, 44, 116, 6, 0, 74, 5, 0, 0, 0, 0, 0, 0
273, 6, 131, 42, 19, 0, 0, 70, 0, 0, 0, 0, 0, 0, 0
273, 7, 131, 44, 17, 0, 0, 70, 0, 0, 0, 0, 0, 0, 0
273, 8, 134, 42, 22, 0, 0, 70, 0, 0, 0, 0, 0, 0, 0
273, 9, 129, 42, 19, 0, 0, 68, 0, 0, 0, 0, 0, 0, 0
273, 11, 127, 40, 19, 0, 0, 68, 0, 0, 0, 0, 0, 0, 0
273, 12, 134, 46, 16, 0, 0, 72, 0, 0, 0, 0, 0, 0, 0
273, 13, 128, 42, 22, 0, 0, 64, 0, 0, 0, 0, 0, 0, 0
273, 14, 133, 46, 19, 0, 0, 68, 0, 0, 0, 0, 0, 0, 0
273, 63, 116, 42, 0, 0, 0, 74, 0, 0, 0, 0, 0, 0, 0
274, 0, 168, 34, 64, 9, 0, 56, 5, 0, 0, 0, 0, 0, 0
274, 1, 273, 52, 103, 27, 8, 78, 5, 0, 0, 0, 0, 0, 0
274, 2, 350, 40, 166, 27, 8, 94, 15, 0, 0, 0, 0, 0, 0
274, 3, 223, 40, 74, 24, 8, 72, 5, 0, 0, 0, 0, 0, 0
274, 4, 187, 42, 67, 15, 4, 54, 5, 0, 0, 0, 0, 0, 0
274, 5, 247, 44, 116, 6, 0, 76, 5, 0, 0, 0, 0, 0, 0
274, 6, 131, 42, 19, 0, 0, 70, 0, 0, 0, 0, 0, 0, 0
274, 7, 131, 44, 17, 0, 0, 70, 0, 0, 0, 0, 0, 0, 0
274, 8, 134, 42, 22, 0, 0, 70, 0, 0, 0, 0, 0, 0, 0
274, 9, 129, 42, 19, 0, 0, 68, 0, 0, 0, 0, 0, 0, 0
274, 11, 129, 42, 19, 0, 0, 68, 0, 0, 0, 0, 0, 0, 0
274, 12, 136, 46, 16, 0, 0, 74, 0, 0, 0, 0, 0, 0, 0
274, 13, 128, 42, 22, 0, 0, 64, 0, 0, 0, 0, 0, 0, 0
274, 14, 133, 46, 19, 0, 0, 68, 0, 0, 0, 0, 0, 0, 0
274, 63, 116, 42, 0, 0, 0, 74, 0, 0, 0, 0, 0, 0, 0
275, 0, 168, 34, 64, 9, 0, 56, 5, 0, 0, 0, 0, 0, 0
275, 1, 273, 52, 103, 27, 8, 78, 5, 0, 0, 0, 0, 0, 0
275, 2, 352, 40, 166, 27, 8, 96, 15, 0, 0, 0, 0, 0, 0
275, 3, 223, 40, 74, 24, 8, 72, 5, 0, 0, 0, 0, 0, 0
275, 4, 190, 44, 68, 15, 4, 54, 5, 0, 0, 0, 0, 0, 0
275, 5, 250, 44, 116, 9, 0, 76, 5, 0, 0, 0, 0, 0, 0
275, 6, 131, 42, 19, 0, 0, 70, 0, 0, 0, 0, 0, 0, 0
275, 7, 131, 44, 17, 0, 0, 70, 0, 0, 0, 0, 0, 0, 0
275, 8, 134, 42, 22, 0, 0, 70, 0, 0, 0, 0, 0, 0, 0
275, 9, 129, 42, 19, 0, 0, 68, 0, 0, 0, 0, 0, 0, 0
275, 11, 129, 42, 19, 0, 0, 68, 0, 0, 0, 0, 0, 0, 0
275, 12, 136, 46, 16, 0, 0, 74, 0, 0, 0, 0, 0, 0, 0
275, 13, 128, 42, 22, 0, 0, 64, 0, 0, 0, 0, 0, 0, 0
275, 14, 133, 46, 19, 0, 0, 68, 0, 0, 0, 0, 0, 0, 0
275, 63, 116, 42, 0, 0, 0, 74, 0, 0, 0, 0, 0, 0, 0
276, 0, 171, 34, 65, 9, 0, 58, 5, 0, 0, 0, 0, 0, 0
276, 1, 274, 54, 102, 27, 8, 78, 5, 0, 0, 0, 0, 0, 0
276, 2, 352, 40, 166, 27, 8, 96, 15, 0, 0, 0, 0, 0, 0
276, 3, 224, 40, 75, 24, 8, 72, 5, 0, 0, 0, 0, 0, 0
276, 4, 190, 44, 68, 15, 4, 54, 5, 0, 0, 0, 0, 0, 0
276, 5, 251, 44, 117, 9, 0, 76, 5, 0, 0, 0, 0, 0, 0
276, 6, 131, 42, 19, 0, 0, 70, 0, 0, 0, 0, 0, 0, 0
276, 7, 131, 44, 17, 0, 0, 70, 0, 0, 0, 0, 0, 0, 0
276, 8, 134, 42, 22, 0, 0, 70, 0, 0, 0, 0, 0, 0, 0
276, 9, 129, 42, 19, 0, 0, 68, 0, 0, 0, 0, 0, 0, 0
276, 11, 129, 42, 19, 0, 0, 68, 0, 0, 0, 0, 0, 0, 0
276, 12, 136, 46, 16, 0, 0, 74, 0, 0, 0, 0, 0, 0, 0
276, 13, 128, 42, 22, 0, 0, 64, 0, 0, 0, 0, 0, 0, 0
276, 14, 133, 46, 19, 0, 0, 68, 0, 0, 0, 0, 0, 0, 0
276, 63, 116, 42, 0, 0, 0, 74, 0, 0, 0, 0, 0, 0, 0
277, 0, 172, 34, 66, 9, 0, 58, 5, 0, 0, 0, 0, 0, 0
277, 1, 276, 56, 102, 27, 8, 78, 5, 0, 0, 0, 0, 0, 0
277, 2, 352, 40, 166, 27, 8, 96, 15, 0, 0, 0, 0, 0, 0
277, 3, 226, 40, 75, 24, 8, 74, 5, 0, 0, 0, 0, 0, 0
277, 4, 190, 44, 68, 15, 4, 54, 5, 0, 0, 0, 0, 0, 0
277, 5, 251, 44, 117, 9, 0, 76, 5, 0, 0, 0, 0, 0, 0
277, 6, 131, 42, 19, 0, 0, 70, 0, 0, 0, 0, 0, 0, 0
277, 7, 131, 44, 17, 0, 0, 70, 0, 0, 0, 0, 0, 0, 0
277, 8, 134, 42, 22, 0, 0, 70, 0, 0, 0, 0, 0, 0, 0
277, 9, 129, 42, 19, 0, 0, 68, 0, 0, 0, 0, 0, 0, 0
277, 11, 129, 42, 19, 0, 0, 68, 0, 0, 0, 0, 0, 0, 0
277, 12, 136, 46, 16, 0, 0, 74, 0, 0, 0, 0, 0, 0, 0
277, 13, 128, 42, 22, 0, 0, 64, 0, 0, 0, 0, 0, 0, 0
277, 14, 133, 46, 19, 0, 0, 68, 0, 0, 0, 0, 0, 0, 0
277, 63, 118, 44, 0, 0, 0, 74, 0, 0, 0, 0, 0, 0, 0
278, 0, 173, 34, 67, 9, 0, 58, 5, 0, 0, 0, 0, 0, 0
278, 1, 276, 56, 102, 27, 8, 78, 5, 0, 0, 0, 0, 0, 0
278, 2, 354, 40, 166, 27, 8, 98, 15, 0, 0, 0, 0, 0, 0
278, 3, 228, 42, 75, 24, 8, 74, 5, 0, 0, 0, 0, 0, 0
278, 4, 192, 44, 68, 15, 6, 54, 5, 0, 0, 0, 0, 0, 0
278, 5, 253, 44, 117, 9, 0, 78, 5, 0, 0, 0, 0, 0, 0
278, 6, 135, 44, 19, 0, 0, 72, 0, 0, 0, 0, 0, 0, 0
278, 7, 133, 46, 17, 0, 0, 70, 0, 0, 0, 0, 0, 0, 0
278, 8, 136, 42, 22, 0, 0, 72, 0, 0, 0, 0, 0, 0, 0
278, 9, 131, 44, 19, 0, 0, 68, 0, 0, 0, 0, 0, 0, 0
278, 11, 129, 42, 19, 0, 0, 68, 0, 0, 0, 0, 0, 0, 0
278, 12, 138, 48, 16, 0, 0, 74, 0, 0, 0, 0, 0, 0, 0
278, 13, 128, 42, 22, 0, 0, 64, 0, 0, 0, 0, 0, 0, 0
278, 14, 133, 46, 19, 0, 0, 68, 0, 0, 0, 0, 0, 0, 0
278, 63, 122, 46, 0, 0, 0, 76, 0, 0, 0, 0, 0, 0, 0
279, 0, 176, 34, 70, 9, 0, 58, 5, 0, 0, 0, 0, 0, 0
279, 1, 280, 58, 102, 27, 8, 80, 5, 0, 0, 0, 0, 0, 0
279, 2, 357, 40, 169, 27, 8, 98, 15, 0, 0, 0, 0, 0, 0
279, 3, 228, 42, 75, 24, 8, 74, 5, 0, 0, 0, 0, 0, 0
279, 4, 195, 44, 69, 15, 6, 56, 5, 0, 0, 0, 0, 0, 0
279, 5, 255, 44, 119, 9, 0, 78, 5, 0, 0, 0, 0, 0, 0
279, 6, 139, 46, 19, 0, 0, 74, 0, 0, 0, 0, 0, 0, 0
279, 7, 135, 48, 17, 0, 0, 70, 0, 0, 0, 0, 0, 0, 0
279, 8, 138, 42, 22, 0, 0, 74, 0, 0, 0, 0, 0, 0, 0
279, 9, 133, 46, 19, 0, 0, 68, 0, 0, 0, 0, 0, 0, 0
279, 11, 129, 42, 19, 0, 0, 68, 0, 0, 0, 0, 0, 0, 0
279, 12, 138, 48, 16, 0, 0, 74, 0, 0, 0, 0, 0, 0, 0
279, 13, 128, 42, 22, 0, 0, 64, 0, 0, 0, 0, 0, 0, 0
279, 14, 133, 46, 19, 0, 0, 68, 0, 0, 0, 0, 0, 0, 0
279, 63, 122, 46, 0, 0, 0, 76, 0, 0, 0, 0, 0, 0, 0
280, 0, 177, 34, 71, 9, 0, 58, 5, 0, 0, 0, 0, 0, 0
280, 1, 280, 58, 102, 27, 8, 80, 5, 0, 0, 0, 0, 0, 0
280, 2, 360, 40, 172, 27, 8, 98, 15, 0, 0, 0, 0, 0, 0
280, 3, 228, 42, 75, 24, 8, 74, 5, 0, 0, 0, 0, 0, 0
280, 4, 198, 46, 70, 15, 6, 56, 5, 0, 0, 0, 0, 0, 0
280, 5, 255, 44, 119, 9, 0, 78, 5, 0, 0, 0, 0, 0, 0
280, 6, 141, 46, 19, 0, 0, 76, 0, 0, 0, 0, 0, 0, 0
280, 7, 135, 48, 17, 0, 0, 70, 0, 0, 0, 0, 0, 0, 0
280, 8, 140, 42, 22, 0, 0, 76, 0, 0, 0, 0, 0, 0, 0
280, 9, 133, 46, 19, 0, 0, 68, 0, 0, 0, 0, 0, 0, 0
280, 11, 129, 42, 19, 0, 0, 68, 0, 0, 0, 0, 0, 0, 0
280, 12, 138, 48, 16, 0, 0, 74, 0, 0, 0, 0, 0, 0, 0
280, 13, 130, 42, 22, 0, 0, 66, 0, 0, 0, 0, 0, 0, 0
280, 14, 133, 46, 19, 0, 0, 68, 0, 0, 0, 0, 0, 0, 0
280, 63, 122, 46, 0, 0, 0, 76, 0, 0, 0, 0, 0, 0, 0
281, 0, 177, 34, 71, 9, 0, 58, 5, 0, 0, 0, 0, 0, 0
281, 1, 282, 60, 102, 27, 8, 80, 5, 0, 0, 0, 0, 0, 0
281, 2, 360, 40, 172, 27, 8, 98, 15, 0, 0, 0, 0, 0, 0
281, 3, 228, 42, 75, 24, 8, 74, 5, 0, 0, 0, 0, 0, 0
281, 4, 198, 46, 70, 15, 6, 56, 5, 0, 0, 0, 0, 0, 0
281, 5, 256, 44, 120, 9, 0, 78, 5, 0, 0, 0, 0, 0, 0
281, 6, 141, 46, 19, 0, 0, 76, 0, 0, 0, 0, 0, 0, 0
281, 7, 135, 48, 17, 0, 0, 70, 0, 0, 0, 0, 0, 0, 0
281, 8, 140, 42, 22, 0, 0, 76, 0, 0, 0, 0, 0, 0, 0
281, 9, 133, 46, 19, 0, 0, 68, 0, 0, 0, 0, 0, 0, 0
281, 11, 129, 42, 19, 0, 0, 68, 0, 0, 0, 0, 0, 0, 0
281, 12, 138, 48, 16, 0, 0, 74, 0, 0, 0, 0, 0, 0, 0
281, 13, 132, 42, 22, 0, 0, 68, 0, 0, 0, 0, 0, 0, 0
281, 14, 133, 46, 19, 0, 0, 68, 0, 0, 0, 0, 0, 0, 0
281, 63, 122, 46, 0, 0, 0, 76, 0, 0, 0, 0, 0, 0, 0
282, 0, 176, 34, 70, 9, 0, 58, 5, 0, 0, 0, 0, 0, 0
282, 1, 282, 60, 102, 27, 8, 80, 5, 0, 0, 0, 0, 0, 0
282, 2, 363, 40, 175, 27, 8, 98, 15, 0, 0, 0, 0, 0, 0
282, 3, 229, 42, 76, 24, 8, 74, 5, 0, 0, 0, 0, 0, 0
282, 4, 199, 46, 69, 15, 8, 56, 5, 0, 0, 0, 0, 0, 0
282, 5, 256, 44, 120, 9, 0, 78, 5, 0, 0, 0, 0, 0, 0
282, 6, 141, 46, 19, 0, 0, 76, 0, 0, 0, 0, 0, 0, 0
282, 7, 135, 48, 17, 0, 0, 70, 0, 0, 0, 0, 0, 0, 0
282, 8, 140, 42, 22, 0, 0, 76, 0, 0, 0, 0, 0, 0, 0
282, 9, 133, 46, 19, 0, 0, 68, 0, 0, 0, 0, 0, 0, 0
282, 11, 129, 42, 19, 0, 0, 68, 0, 0, 0, 0, 0, 0, 0
282, 12, 138, 48, 16, 0, 0, 74, 0, 0, 0, 0, 0, 0, 0
282, 13, 134, 42, 22, 0, 0, 70, 0, 0, 0, 0, 0, 0, 0
282, 14, 133, 46, 19, 0, 0, 68, 0, 0, 0, 0, 0, 0, 0
282, 63, 122, 46, 0, 0, 0, 76, 0, 0, 0, 0, 0, 0, 0
283, 0, 176, 34, 70, 9, 0, 58, 5, 0, 0, 0, 0, 0, 0
283, 1, 289, 62, 102, 30, 8, 82, 5, 0, 0, 0, 0, 0, 0
283, 2, 363, 40, 175, 27, 8, 98, 15, 0, 0, 0, 0, 0, 0
283, 3, 229, 42, 76, 24, 8, 74, 5, 0, 0, 0, 0, 0, 0
283, 4, 199, 46, 69, 15, 8, 56, 5, 0, 0, 0, 0, 0, 0
283, 5, 257, 44, 119, 9, 0, 80, 5, 0, 0, 0, 0, 0, 0
283, 6, 143, 46, 19, 0, 0, 78, 0, 0, 0, 0, 0, 0, 0
283, 7, 135, 48, 17, 0, 0, 70, 0, 0, 0, 0, 0, 0, 0
283, 8, 142, 42, 22, 0, 0, 78, 0, 0, 0, 0, 0, 0, 0
283, 9, 135, 46, 19, 0, 0, 70, 0, 0, 0, 0, 0, 0, 0
283, 11, 129, 42, 19, 0, 0, 68, 0, 0, 0, 0, 0, 0, 0
283, 12, 138, 48, 16, 0, 0, 74, 0, 0, 0, 0, 0, 0, 0
283, 13, 136, 42, 22, 0, 0, 72, 0, 0, 0, 0, 0, 0, 0
283, 14, 133, 46, 19, 0, 0, 68, 0, 0, 0, 0, 0, 0, 0
283, 63, 124, 46, 0, 0, 0, 78, 0, 0, 0, 0, 0, 0, 0
284, 0, 176, 34, 70, 9, 0, 58, 5, 0, 0, 0, 0, 0, 0
284, 1, 289, 62, 102, 30, 8, 82, 5, 0, 0, 0, 0, 0, 0
284, 2, 363, 40, 175, 27, 8, 98, 15, 0, 0, 0, 0, 0, 0
284, 3, 230, 42, 77, 24, 8, 74, 5, 0, 0, 0, 0, 0, 0
284, 4, 199, 46, 69, 15, 8, 56, 5, 0, 0, 0, 0, 0, 0
284, 5, 258, 44, 120, 9, 0, 80, 5, 0, 0, 0, 0, 0, 0
284, 6, 143, 46, 19, 0, 0, 78, 0, 0, 0, 0, 0, 0, 0
284, 7, 135, 48, 17, 0, 0, 70, 0, 0, 0, 0, 0, 0, 0
284, 8, 142, 42, 22, 0, 0, 78, 0, 0, 0, 0, 0, 0, 0
284, 9, 137, 46, 19, 0, 0, 72, 0, 0, 0, 0, 0, 0, 0
284, 11, 129, 42, 19, 0, 0, 68, 0, 0, 0, 0, 0, 0, 0
284, 12, 138, 48, 16, 0, 0, 74, 0, 0, 0, 0, 0, 0, 0
284, 13, 138, 42, 22, 0, 0, 74, 0, 0, 0, 0, 0, 0, 0
284, 14, 133, 46, 19, 0, 0, 68, 0, 0, 0, 0, 0, 0, 0
284, 63, 124, 46, 0, 0, 0, 78, 0, 0, 0, 0, 0, 0, 0
285, 0, 176, 34, 70, 9, 0, 58, 5, 0, 0, 0, 0, 0, 0
285, 1, 290, 62, 103, 30, 8, 82, 5, 0, 0, 0, 0, 0, 0
285, 2, 365, 40, 175, 27, 8, 100, 15, 0, 0, 0, 0, 0, 0
285, 3, 230, 42, 77, 24, 8, 74, 5, 0, 0, 0, 0, 0, 0
285, 4, 201, 46, 69, 15, 8, 58, 5, 0, 0, 0, 0, 0, 0
285, 5, 258, 44, 120, 9, 0, 80, 5, 0, 0, 0, 0, 0, 0
285, 6, 143, 46, 19, 0, 0, 78, 0, 0, 0, 0, 0, 0, 0
285, 7, 135, 48, 17, 0, 0, 70, 0, 0, 0, 0, 0, 0, 0
285, 8, 142, 42, 22, 0, 0, 78, 0, 0, 0, 0, 0, 0, 0
285, 9, 139, 46, 19, 0, 0, 74, 0, 0, 0, 0, 0, 0, 0
285, 11, 129, 42, 19, 0, 0, 68, 0, 0, 0, 0, 0, 0, 0
285, 12, 138, 48, 16, 0, 0, 74, 0, 0, 0, 0, 0, 0, 0
285, 13, 140, 42, 22, 0, 0, 76, 0, 0, 0, 0, 0, 0, 0
285, 14, 133, 46, 19, 0, 0, 68, 0, 0, 0, 0, 0, 0, 0
285, 63, 124, 46, 0, 0, 0, 78, 0, 0, 0, 0, 0, 0, 0
286, 0, 176, 34, 70, 9, 0, 58, 5, 0, 0, 0, 0, 0, 0
286, 1, 293, 62, 104, 30, 8, 84, 5, 0, 0, 0, 0, 0, 0
286, 2, 365, 40, 175, 27, 8, 100, 15, 0, 0, 0, 0, 0, 0
286, 3, 230, 42, 77, 24, 8, 74, 5, 0, 0, 0, 0, 0, 0
286, 4, 201, 46, 69, 15, 8, 58, 5, 0, 0, 0, 0, 0, 0
286, 5, 258, 44, 120, 9, 0, 80, 5, 0, 0, 0, 0, 0, 0
286, 6, 143, 46, 19, 0, 0, 78, 0, 0, 0, 0, 0, 0, 0
286, 7, 135, 48, 17, 0, 0, 70, 0, 0, 0, 0, 0, 0, 0
286, 8, 142, 42, 22, 0, 0, 78, 0, 0, 0, 0, 0, 0, 0
286, 9, 141, 46, 19, 0, 0, 76, 0, 0, 0, 0, 0, 0, 0
286, 11, 129, 42, 19, 0, 0, 68, 0, 0, 0, 0, 0, 0, 0
286, 12, 138, 48, 16, 0, 0, 74, 0, 0, 0, 0, 0, 0, 0
286, 13, 142, 42, 22, 0, 0, 78, 0, 0, 0, 0, 0, 0, 0
286, 14, 133, 46, 19, 0, 0, 68, 0, 0, 0, 0, 0, 0, 0
286, 63, 124, 46, 0, 0, 0, 78, 0, 0, 0, 0, 0, 0, 0
287, 0, 176, 34, 70, 9, 0, 58, 5, 0, 0, 0, 0, 0, 0
287, 1, 293, 62, 104, 30, 8, 84, 5, 0, 0, 0, 0, 0, 0
287, 2, 365, 40, 175, 27, 8, 100, 15, 0, 0, 0, 0, 0, 0
287, 3, 230, 42, 77, 24, 8, 74, 5, 0, 0, 0, 0, 0, 0
287, 4, 201, 46, 69, 15, 8, 58, 5, 0, 0, 0, 0, 0, 0
287, 5, 258, 44, 120, 9, 0, 80, 5, 0, 0, 0, 0, 0, 0
287, 6, 143, 46, 19, 0, 0, 78, 0, 0, 0, 0, 0, 0, 0
287, 7, 135, 48, 17, 0, 0, 70, 0, 0, 0, 0, 0, 0, 0
287, 8, 142, 42, 22, 0, 0, 78, 0, 0, 0, 0, 0, 0, 0
287, 9, 143, 46, 19, 0, 0, 78, 0, 0, 0, 0, 0, 0, 0
287, 11, 129, 42, 19, 0, 0, 68, 0, 0, 0, 0, 0, 0, 0
287, 12, 138, 48, 16, 0, 0, 74, 0, 0, 0, 0, 0, 0, 0
287, 13, 142, 42, 22, 0, 0, 78, 0, 0, 0, 0, 0, 0, 0
287, 14, 133, 46, 19, 0, 0, 68, 0, 0, 0, 0, 0, 0, 0
287, 63, 124, 46, 0, 0, 0, 78, 0, 0, 0, 0, 0, 0, 0
288, 0, 176, 34, 70, 9, 0, 58, 5, 0, 0, 0, 0, 0, 0
288, 1, 293, 62, 104, 30, 8, 84, 5, 0, 0, 0, 0, 0, 0
288, 2, 366, 40, 176, 27, 8, 100, 15, 0, 0, 0, 0, 0, 0
288, 3, 230, 42, 77, 24, 8, 74, 5, 0, 0, 0, 0, 0, 0
288, 4, 209, 48, 75, 15, 8, 58, 5, 0, 0, 0, 0, 0, 0
288, 5, 258, 44, 120, 9, 0, 80, 5, 0, 0, 0, 0, 0, 0
288, 6, 143, 46, 19, 0, 0, 78, 0, 0, 0, 0, 0, 0, 0
288, 7, 135, 48, 17, 0, 0, 70, 0, 0, 0, 0, 0, 0, 0
288, 8, 142, 42, 22, 0, 0, 78, 0, 0, 0, 0, 0, 0, 0
288, 9, 143, 46, 19, 0, 0, 78, 0, 0, 0, 0, 0, 0, 0
288, 11, 129, 42, 19, 0, 0, 68, 0, 0, 0, 0, 0, 0, 0
288, 12, 138, 48, 16, 0, 0, 74, 0, 0, 0, 0, 0, 0, 0
288, 13, 142, 42, 22, 0, 0, 78, 0, 0, 0, 0, 0, 0, 0
288, 14, 133, 46, 19, 0, 0, 68, 0, 0, 0, 0, 0, 0, 0
288, 63, 124, 46, 0, 0, 0, 78, 0, 0, 0, 0, 0, 0, 0
289, 0, 176, 34, 70, 9, 0, 58, 5, 0, 0, 0, 0, 0, 0
289, 1, 293, 62, 104, 30, 8, 84, 5, 0, 0, 0, 0, 0, 0
289, 2, 366, 40, 176, 27, 8, 100, 15, 0, 0, 0, 0, 0, 0
289, 3, 232, 42, 77, 24, 8, 76, 5, 0, 0, 0, 0, 0, 0
289, 4, 209, 48, 75, 15, 8, 58, 5, 0, 0, 0, 0, 0, 0
289, 5, 258, 44, 120, 9, 0, 80, 5, 0, 0, 0, 0, 0, 0
289, 6, 143, 46, 19, 0, 0, 78, 0, 0, 0, 0, 0, 0, 0
289, 7, 135, 48, 17, 0, 0, 70, 0, 0, 0, 0, 0, 0, 0
289, 8, 142, 42, 22, 0, 0, 78, 0, 0, 0, 0, 0, 0, 0
289, 9, 143, 46, 19, 0, 0, 78, 0, 0, 0, 0, 0, 0, 0
289, 11, 129, 42, 19, 0, 0, 68, 0, 0, 0, 0, 0, 0, 0
289, 12, 138, 48, 16, 0, 0, 74, 0, 0, 0, 0, 0, 0, 0
289, 13, 142, 42, 22, 0, 0, 78, 0, 0, 0, 0, 0, 0, 0
289, 14, 133, 46, 19, 0, 0, 68, 0, 0, 0, 0, 0, 0, 0
289, 63, 124, 46, 0, 0, 0, 78, 0, 0, 0, 0, 0, 0, 0
290, 0, 176, 34, 70, 9, 0, 58, 5, 0, 0, 0, 0, 0, 0
290, 1, 293, 62, 104, 30, 8, 84, 5, 0, 0, 0, 0, 0, 0
290, 2, 371, 40, 176, 30, 8, 102, 15, 0, 0, 0, 0, 0, 0
290, 3, 232, 42, 77, 24, 8, 76, 5, 0, 0, 0, 0, 0, 0
290, 4, 209, 48, 75, 15, 8, 58, 5, 0, 0, 0, 0, 0, 0
290, 5, 258, 44, 120, 9, 0, 80, 5, 0, 0, 0, 0, 0, 0
290, 6, 143, 46, 19, 0, 0, 78, 0, 0, 0, 0, 0, 0, 0
290, 7, 135, 48, 17, 0, 0, 70, 0, 0, 0, 0, 0, 0, 0
290, 8, 142, 42, 22, 0, 0, 78, 0, 0, 0, 0, 0, 0, 0
290, 9, 143, 46, 19, 0, 0, 78, 0, 0, 0, 0, 0, 0, 0
290, 11, 129, 42, 19, 0, 0, 68, 0, 0, 0, 0, 0, 0, 0
290, 12, 138, 48, 16, 0, 0, 74, 0, 0, 0, 0, 0, 0, 0
290, 13, 142, 42, 22, 0, 0, 78, 0, 0, 0, 0, 0, 0, 0
290, 14, 133, 46, 19, 0, 0, 68, 0, 0, 0, 0, 0, 0, 0
290, 63, 124, 46, 0, 0, 0, 78, 0, 0, 0, 0, 0, 0, 0
291, 0, 176, 34, 70, 9, 0, 58, 5, 0, 0, 0, 0, 0, 0
291, 1, 300, 62, 111, 30, 8, 84, 5, 0, 0, 0, 0, 0, 0
291, 2, 371, 40, 176, 30, 8, 102, 15, 0, 0, 0, 0, 0, 0
291, 3, 233, 42, 78, 24, 8, 76, 5, 0, 0, 0, 0, 0, 0
291, 4, 209, 48, 75, 15, 8, 58, 5, 0, 0, 0, 0, 0, 0
291, 5, 260, 44, 120, 9, 0, 82, 5, 0, 0, 0, 0, 0, 0
291, 6, 143, 46, 19, 0, 0, 78, 0, 0, 0, 0, 0, 0, 0
291, 7, 135, 48, 17, 0, 0, 70, 0, 0, 0, 0, 0, 0, 0
291, 8, 142, 42, 22, 0, 0, 78, 0, 0, 0, 0, 0, 0, 0
291, 9, 145, 46, 19, 0, 0, 80, 0, 0, 0, 0, 0, 0, 0
291, 11, 129, 42, 19, 0, 0, 68, 0, 0, 0, 0, 0, 0, 0
291, 12, 138, 48, 16, 0, 0, 74, 0, 0, 0, 0, 0, 0, 0
291, 13, 144, 42, 22, 0, 0, 80, 0, 0, 0, 0, 0, 0, 0
291, 14, 133, 46, 19, 0, 0, 68, 0, 0, 0, 0, 0, 0, 0
291, 63, 126, 46, 0, 0, 0, 80, 0, 0, 0, 0, 0, 0, 0
292, 0, 176, 34, 70, 9, 0, 58, 5, 0, 0, 0, 0, 0, 0
292, 1, 302, 62, 111, 30, 8, 86, 5, 0, 0, 0, 0, 0, 0
292, 2, 372, 40, 177, 30, 8, 102, 15, 0, 0, 0, 0, 0, 0
292, 3, 235, 44, 78, 24, 8, 76, 5, 0, 0, 0, 0, 0, 0
292, 4, 209, 48, 75, 15, 8, 58, 5, 0, 0, 0, 0, 0, 0
292, 5, 260, 44, 120, 9, 0, 82, 5, 0, 0, 0, 0, 0, 0
292, 6, 143, 46, 19, 0, 0, 78, 0, 0, 0, 0, 0, 0, 0
292, 7, 135, 48, 17, 0, 0, 70, 0, 0, 0, 0, 0, 0, 0
292, 8, 142, 42, 22, 0, 0, 78, 0, 0, 0, 0, 0, 0, 0
292, 9, 147, 46, 19, 0, 0, 82, 0, 0, 0, 0, 0, 0, 0
292, 11, 129, 42, 19, 0, 0, 68, 0, 0, 0, 0, 0, 0, 0
292, 12, 138, 48, 16, 0, 0, 74, 0, 0, 0, 0, 0, 0, 0
292, 13, 144, 42, 22, 0, 0, 80, 0, 0, 0, 0, 0, 0, 0
292, 14, 133, 46, 19, 0, 0, 68, 0, 0, 0, 0, 0, 0, 0
292, 63, 126, 46, 0, 0, 0, 80, 0, 0, 0, 0, 0, 0, 0
293, 0, 176, 34, 70, 9, 0, 58, 5, 0, 0, 0, 0, 0, 0
293, 1, 305, 62, 111, 33, 8, 86, 5, 0, 0, 0, 0, 0, 0
293, 2, 373, 40, 178, 30, 8, 102, 15, 0, 0, 0, 0, 0, 0
293, 3, 235, 44, 78, 24, 8, 76, 5, 0, 0, 0, 0, 0, 0
293, 4, 209, 48, 75, 15, 8, 58, 5, 0, 0, 0, 0, 0, 0
293, 5, 260, 44, 120, 9, 0, 82, 5, 0, 0, 0, 0, 0, 0
293, 6, 143, 46, 19, 0, 0, 78, 0, 0, 0, 0, 0, 0, 0
293, 7, 135, 48, 17, 0, 0, 70, 0, 0, 0, 0, 0, 0, 0
293, 8, 142, 42, 22, 0, 0, 78, 0, 0, 0, 0, 0, 0, 0
293, 9, 147, 46, 19, 0, 0, 82, 0, 0, 0, 0, 0, 0, 0
293, 11, 129, 42, 19, 0, 0, 68, 0, 0, 0, 0, 0, 0, 0
293, 12, 138, 48, 16, 0, 0, 74, 0, 0, 0, 0, 0, 0, 0
293, 13, 144, 42, 22, 0, 0, 80, 0, 0, 0, 0, 0, 0, 0
293, 14, 134, 46, 20, 0, 0, 68, 0, 0, 0, 0, 0, 0, 0
293, 63, 126, 46, 0, 0, 0, 80, 0, 0, 0, 0, 0, 0, 0
294, 0, 178, 34, 70, 9, 0, 60, 5, 0, 0, 0, 0, 0, 0
294, 1, 305, 62, 111, 33, 8, 86, 5, 0, 0, 0, 0, 0, 0
294, 2, 376, 40, 178, 33, 8, 102, 15, 0, 0, 0, 0, 0, 0
294, 3, 235, 44, 78, 24, 8, 76, 5, 0, 0, 0, 0, 0, 0
294, 4, 214, 48, 75, 15, 8, 58, 10, 0, 0, 0, 0, 0, 0
294, 5, 262, 46, 120, 9, 0, 82, 5, 0, 0, 0, 0, 0, 0
294, 6, 145, 48, 19, 0, 0, 78, 0, 0, 0, 0, 0, 0, 0
294, 7, 135, 48, 17, 0, 0, 70, 0, 0, 0, 0, 0, 0, 0
294, 8, 142, 42, 22, 0, 0, 78, 0, 0, 0, 0, 0, 0, 0
294, 9, 149, 48, 19, 0, 0, 82, 0, 0, 0, 0, 0, 0, 0
294, 11, 131, 42, 19, 0, 0, 70, 0, 0, 0, 0, 0, 0, 0
294, 12, 138, 48, 16, 0, 0, 74, 0, 0, 0, 0, 0, 0, 0
294, 13, 144, 42, 22, 0, 0, 80, 0, 0, 0, 0, 0, 0, 0
294, 14, 138, 48, 20, 0, 0, 70, 0, 0, 0, 0, 0, 0, 0
294, 63, 130, 48, 0, 0, 0, 82, 0, 0, 0, 0, 0, 0, 0
295, 0, 178, 34, 70, 9, 0, 60, 5, 0, 0, 0, 0, 0, 0
295, 1, 308, 62, 114, 33, 8, 86, 5, 0, 0, 0, 0, 0, 0
295, 2, 383, 40, 178, 33, 8, 104, 20, 0, 0, 0, 0, 0, 0
295, 3, 235, 44, 78, 24, 8, 76, 5, 0, 0, 0, 0, 0, 0
295, 4, 214, 48, 75, 15, 8, 58, 10, 0, 0, 0, 0, 0, 0
295, 5, 263, 46, 121, 9, 0, 82, 5, 0, 0, 0, 0, 0, 0
295, 6, 145, 48, 19, 0, 0, 78, 0, 0, 0, 0, 0, 0, 0
295, 7, 135, 48, 17, 0, 0, 70, 0, 0, 0, 0, 0, 0, 0
295, 8, 142, 42, 22, 0, 0, 78, 0, 0, 0, 0, 0, 0, 0
295, 9, 149, 48, 19, 0, 0, 82, 0, 0, 0, 0, 0, 0, 0
295, 11, 133, 42, 19, 0, 0, 72, 0, 0, 0, 0, 0, 0, 0
295, 12, 138, 48, 16, 0, 0, 74, 0, 0, 0, 0, 0, 0, 0
295, 13, 144, 42, 22, 0, 0, 80, 0, 0, 0, 0, 0, 0, 0
295, 14, 142, 50, 20, 0, 0, 72, 0, 0, 0, 0, 0, 0, 0
295, 63, 130, 48, 0, 0, 0, 82, 0, 0, 0, 0, 0, 0, 0
296, 0, 184, 34, 76, 9, 0, 60, 5, 0, 0, 0, 0, 0, 0
296, 1, 308, 62, 114, 33, 8, 86, 5, 0, 0, 0, 0, 0, 0
296, 2, 383, 40, 178, 33, 8, 104, 20, 0, 0, 0, 0, 0, 0
296, 3, 235, 44, 78, 24, 8, 76, 5, 0, 0, 0, 0, 0, 0
296, 4, 214, 48, 75, 15, 8, 58, 10, 0, 0, 0, 0, 0, 0
296, 5, 266, 46, 121, 12, 0, 82, 5, 0, 0, 0, 0, 0, 0
296, 6, 145, 48, 19, 0, 0, 78, 0, 0, 0, 0, 0, 0, 0
296, 7, 135, 48, 17, 0, 0, 70, 0, 0, 0, 0, 0, 0, 0
296, 8, 142, 42, 22, 0, 0, 78, 0, 0, 0, 0, 0, 0, 0
296, 9, 149, 48, 19, 0, 0, 82, 0, 0, 0, 0, 0, 0, 0
296, 11, 135, 42, 19, 0, 0, 74, 0, 0, 0, 0, 0, 0, 0
296, 12, 138, 48, 16, 0, 0, 74, 0, 0, 0, 0, 0, 0, 0
296, 13, 144, 42, 22, 0, 0, 80, 0, 0, 0, 0, 0, 0, 0
296, 14, 144, 50, 20, 0, 0, 74, 0, 0, 0, 0, 0, 0, 0
296, 63, 130, 48, 0, 0, 0, 82, 0, 0, 0, 0, 0, 0, 0
297, 0, 184, 34, 76, 9, 0, 60, 5, 0, 0, 0, 0, 0, 0
297, 1, 311, 64, 115, 33, 8, 86, 5, 0, 0, 0, 0, 0, 0
297, 2, 383, 40, 178, 33, 8, 104, 20, 0, 0, 0, 0, 0, 0
297, 3, 235, 44, 78, 24, 8, 76, 5, 0, 0, 0, 0, 0, 0
297, 4, 217, 48, 78, 15, 8, 58, 10, 0, 0, 0, 0, 0, 0
297, 5, 268, 46, 121, 12, 0, 84, 5, 0, 0, 0, 0, 0, 0
297, 6, 145, 48, 19, 0, 0, 78, 0, 0, 0, 0, 0, 0, 0
297, 7, 135, 48, 17, 0, 0, 70, 0, 0, 0, 0, 0, 0, 0
297, 8, 142, 42, 22, 0, 0, 78, 0, 0, 0, 0, 0, 0, 0
297, 9, 149, 48, 19, 0, 0, 82, 0, 0, 0, 0, 0, 0, 0
297, 11, 137, 42, 19, 0, 0, 76, 0, 0, 0, 0, 0, 0, 0
297, 12, 138, 48, 16, 0, 0, 74, 0, 0, 0, 0, 0, 0, 0
297, 13, 144, 42, 22, 0, 0, 80, 0, 0, 0, 0, 0, 0, 0
297, 14, 146, 50, 20, 0, 0, 76, 0, 0, 0, 0, 0, 0, 0
297, 63, 132, 48, 0, 0, 0, 84, 0, 0, 0, 0, 0, 0, 0
298, 0, 184, 34, 76, 9, 0, 60, 5, 0, 0, 0, 0, 0, 0
298, 1, 311, 64, 115, 33, 8, 86, 5, 0, 0, 0, 0, 0, 0
298, 2, 383, 40, 178, 33, 8, 104, 20, 0, 0, 0, 0, 0, 0
298, 3, 235, 44, 78, 24, 8, 76, 5, 0, 0, 0, 0, 0, 0
298, 4, 220, 48, 81, 15, 8, 58, 10, 0, 0, 0, 0, 0, 0
298, 5, 274, 46, 127, 12, 0, 84, 5, 0, 0, 0, 0, 0, 0
298, 6, 145, 48, 19, 0, 0, 78, 0, 0, 0, 0, 0, 0, 0
298, 7, 135, 48, 17, 0, 0, 70, 0, 0, 0, 0, 0, 0, 0
298, 8, 144, 44, 22, 0, 0, 78, 0, 0, 0, 0, 0, 0, 0
298, 9, 149, 48, 19, 0, 0, 82, 0, 0, 0, 0, 0, 0, 0
298, 11, 139, 42, 19, 0, 0, 78, 0, 0, 0, 0, 0, 0, 0
298, 12, 138, 48, 16, 0, 0, 74, 0, 0, 0, 0, 0, 0, 0
298, 13, 144, 42, 22, 0, 0, 80, 0, 0, 0, 0, 0, 0, 0
298, 14, 148, 50, 20, 0, 0, 78, 0, 0, 0, 0, 0, 0, 0
298, 63, 132, 48, 0, 0, 0, 84, 0, 0, 0, 0, 0, 0, 0
299, 0, 184, 34, 76, 9, 0, 60, 5, 0, 0, 0, 0, 0, 0
299, 1, 311, 64, 115, 33, 8, 86, 5, 0, 0, 0, 0, 0, 0
299, 2, 384, 40, 179, 33, 8, 104, 20, 0, 0, 0, 0, 0, 0
299, 3, 237, 44, 78, 24, 8, 78, 5, 0, 0, 0, 0, 0, 0
299, 4, 220, 48, 81, 15, 8, 58, 10, 0, 0, 0, 0, 0, 0
299, 5, 274, 46, 127, 12, 0, 84, 5, 0, 0, 0, 0, 0, 0
299, 6, 145, 48, 19, 0, 0, 78, 0, 0, 0, 0, 0, 0, 0
299, 7, 135, 48, 17, 0, 0, 70, 0, 0, 0, 0, 0, 0, 0
299, 8, 146, 46, 22, 0, 0, 78, 0, 0, 0, 0, 0, 0, 0
299, 9, 149, 48, 19, 0, 0, 82, 0, 0, 0, 0, 0, 0, 0
299, 11, 141, 42, 19, 0, 0, 80, 0, 0, 0, 0, 0, 0, 0
299, 12, 138, 48, 16, 0, 0, 74, 0, 0, 0, 0, 0, 0, 0
299, 13, 144, 42, 22, 0, 0, 80, 0, 0, 0, 0, 0, 0, 0
299, 14, 150, 50, 20, 0, 0, 80, 0, 0, 0, 0, 0, 0, 0
299, 63, 132, 48, 0, 0, 0, 84, 0, 0, 0, 0, 0, 0, 0
300, 0, 184, 34, 76, 9, 0, 60, 5, 0, 0, 0, 0, 0, 0
300, 1, 311, 64, 115, 33, 8, 86, 5, 0, 0, 0, 0, 0, 0
300, 2, 386, 42, 179, 33, 8, 104, 20, 0, 0, 0, 0, 0, 0
300, 3, 237, 44, 78, 24, 8, 78, 5, 0, 0, 0, 0, 0, 0
300, 4, 220, 48, 81, 15, 8, 58, 10, 0, 0, 0, 0, 0, 0
300, 5, 274, 46, 127, 12, 0, 84, 5, 0, 0, 0, 0, 0, 0
300, 6, 145, 48, 19, 0, 0, 78, 0, 0, 0, 0, 0, 0, 0
300, 7, 135, 48, 17, 0, 0, 70, 0, 0, 0, 0, 0, 0, 0
300, 8, 148, 48, 22, 0, 0, 78, 0, 0, 0, 0, 0, 0, 0
300, 9, 150, 48, 20, 0, 0, 82, 0, 0, 0, 0, 0, 0, 0
300, 11, 143, 42, 19, 0, 0, 82, 0, 0, 0, 0, 0, 0, 0
300, 12, 138, 48, 16, 0, 0, 74, 0, 0, 0, 0, 0, 0, 0
300, 13, 144, 42, 22, 0, 0, 80, 0, 0, 0, 0, 0, 0, 0
300, 14, 152, 50, 20, 0, 0, 82, 0, 0, 0, 0, 0, 0, 0
300, 63, 132, 48, 0, 0, 0, 84, 0, 0, 0, 0, 0, 0, 0
301, 0, 185, 34, 77, 9, 0, 60, 5, 0, 0, 0, 0, 0, 0
301, 1, 311, 64, 115, 33, 8, 86, 5, 0, 0, 0, 0, 0, 0
301, 2, 386, 42, 179, 33, 8, 104, 20, 0, 0, 0, 0, 0, 0
301, 3, 237, 44, 78, 24, 8, 78, 5, 0, 0, 0, 0, 0, 0
301, 4, 220, 48, 81, 15, 8, 58, 10, 0, 0, 0, 0, 0, 0
301, 5, 274, 46, 127, 12, 0, 84, 5, 0, 0, 0, 0, 0, 0
301, 6, 145, 48, 19, 0, 0, 78, 0, 0, 0, 0, 0, 0, 0
301, 7, 135, 48, 17, 0, 0, 70, 0, 0, 0, 0, 0, 0, 0
301, 8, 150, 50, 22, 0, 0, 78, 0, 0, 0, 0, 0, 0, 0
301, 9, 150, 48, 20, 0, 0, 82, 0, 0, 0, 0, 0, 0, 0
301, 11, 145, 42, 19, 0, 0, 84, 0, 0, 0, 0, 0, 0, 0
301, 12, 138, 48, 16, 0, 0, 74, 0, 0, 0, 0, 0, 0, 0
301, 13, 144, 42, 22, 0, 0, 80, 0, 0, 0, 0, 0, 0, 0
301, 14, 154, 50, 20, 0, 0, 84, 0, 0, 0, 0, 0, 0, 0
301, 63, 132, 48, 0, 0, 0, 84, 0, 0, 0, 0, 0, 0, 0
302, 0, 191, 36, 78, 12, 0, 60, 5, 0, 0, 0, 0, 0, 0
302, 1, 311, 64, 115, 33, 8, 86, 5, 0, 0, 0, 0, 0, 0
302, 2, 387, 42, 180, 33, 8, 104, 20, 0, 0, 0, 0, 0, 0
302, 3, 239, 46, 78, 24, 8, 78, 5, 0, 0, 0, 0, 0, 0
302, 4, 221, 48, 82, 15, 8, 58, 10, 0, 0, 0, 0, 0, 0
302, 5, 276, 48, 127, 12, 0, 84, 5, 0, 0, 0, 0, 0, 0
302, 6, 145, 48, 19, 0, 0, 78, 0, 0, 0, 0, 0, 0, 0
302, 7, 135, 48, 17, 0, 0, 70, 0, 0, 0, 0, 0, 0, 0
302, 8, 150, 50, 22, 0, 0, 78, 0, 0, 0, 0, 0, 0, 0
302, 9, 150, 48, 20, 0, 0, 82, 0, 0, 0, 0, 0, 0, 0
302, 11, 145, 42, 19, 0, 0, 84, 0, 0, 0, 0, 0, 0, 0
302, 12, 138, 48, 16, 0, 0, 74, 0, 0, 0, 0, 0, 0, 0
302, 13, 144, 42, 22, 0, 0, 80, 0, 0, 0, 0, 0, 0, 0
302, 14, 154, 50, 20, 0, 0, 84, 0, 0, 0, 0, 0, 0, 0
302, 63, 132, 48, 0, 0, 0, 84, 0, 0, 0, 0, 0, 0, 0
303, 0, 192, 36, 79, 12, 0, 60, 5, 0, 0, 0, 0, 0, 0
303, 1, 313, 64, 115, 33, 8, 88, 5, 0, 0, 0, 0, 0, 0
303, 2, 387, 42, 180, 33, 8, 104, 20, 0, 0, 0, 0, 0, 0
303, 3, 239, 46, 78, 24, 8, 78, 5, 0, 0, 0, 0, 0, 0
303, 4, 221, 48, 82, 15, 8, 58, 10, 0, 0, 0, 0, 0, 0
303, 5, 276, 48, 127, 12, 0, 84, 5, 0, 0, 0, 0, 0, 0
303, 6, 145, 48, 19, 0, 0, 78, 0, 0, 0, 0, 0, 0, 0
303, 7, 135, 48, 17, 0, 0, 70, 0, 0, 0, 0, 0, 0, 0
303, 8, 150, 50, 22, 0, 0, 78, 0, 0, 0, 0, 0, 0, 0
303, 9, 150, 48, 20, 0, 0, 82, 0, 0, 0, 0, 0, 0, 0
303, 11, 145, 42, 19, 0, 0, 84, 0, 0, 0, 0, 0, 0, 0
303, 12, 138, 48, 16, 0, 0, 74, 0, 0, 0, 0, 0, 0, 0
303, 13, 144, 42, 22, 0, 0, 80, 0, 0, 0, 0, 0, 0, 0
303, 14, 154, 50, 20, 0, 0, 84, 0, 0, 0, 0, 0, 0, 0
303, 63, 132, 48, 0, 0, 0, 84, 0, 0, 0, 0, 0, 0, 0
304, 0, 193, 36, 80, 12, 0, 60, 5, 0, 0, 0, 0, 0, 0
304, 1, 313, 64, 115, 33, 8, 88, 5, 0, 0, 0, 0, 0, 0
304, 2, 387, 42, 180, 33, 8, 104, 20, 0, 0, 0, 0, 0, 0
304, 3, 239, 46, 78, 24, 8, 78, 5, 0, 0, 0, 0, 0, 0
304, 4, 221, 48, 82, 15, 8, 58, 10, 0, 0, 0, 0, 0, 0
304, 5, 278, 48, 127, 12, 0, 86, 5, 0, 0, 0, 0, 0, 0
304, 6, 145, 48, 19, 0, 0, 78, 0, 0, 0, 0, 0, 0, 0
304, 7, 135, 48, 17, 0, 0, 70, 0, 0, 0, 0, 0, 0, 0
304, 8, 150, 50, 22, 0, 0, 78, 0, 0, 0, 0, 0, 0, 0
304, 9, 150, 48, 20, 0, 0, 82, 0, 0, 0, 0, 0, 0, 0
304, 11, 145, 42, 19, 0, 0, 84, 0, 0, 0, 0, 0, 0, 0
304, 12, 138, 48, 16, 0, 0, 74, 0, 0, 0, 0, 0, 0, 0
304, 13, 144, 42, 22, 0, 0, 80, 0, 0, 0, 0, 0, 0, 0
304, 14, 154, 50, 20, 0, 0, 84, 0, 0, 0, 0, 0, 0, 0
304, 63, 134, 48, 0, 0, 0, 86, 0, 0, 0, 0, 0, 0, 0
305, 0, 195, 36, 80, 12, 0, 62, 5, 0, 0, 0, 0, 0, 0
305, 1, 313, 64, 115, 33, 8, 88, 5, 0, 0, 0, 0, 0, 0
305, 2, 390, 42, 181, 33, 8, 106, 20, 0, 0, 0, 0, 0, 0
305, 3, 241, 46, 78, 24, 8, 80, 5, 0, 0, 0, 0, 0, 0
305, 4, 222, 48, 83, 15, 8, 58, 10, 0, 0, 0, 0, 0, 0
305, 5, 278, 48, 127, 12, 0, 86, 5, 0, 0, 0, 0, 0, 0
305, 6, 145, 48, 19, 0, 0, 78, 0, 0, 0, 0, 0, 0, 0
305, 7, 135, 48, 17, 0, 0, 70, 0, 0, 0, 0, 0, 0, 0
305, 8, 150, 50, 22, 0, 0, 78, 0, 0, 0, 0, 0, 0, 0
305, 9, 150, 48, 20, 0, 0, 82, 0, 0, 0, 0, 0, 0, 0
305, 11, 145, 42, 19, 0, 0, 84, 0, 0, 0, 0, 0, 0, 0
305, 12, 138, 48, 16, 0, 0, 74, 0, 0, 0, 0, 0, 0, 0
305, 13, 144, 42, 22, 0, 0, 80, 0, 0, 0, 0, 0, 0, 0
305, 14, 154, 50, 20, 0, 0, 84, 0, 0, 0, 0, 0, 0, 0
305, 63, 134, 48, 0, 0, 0, 86, 0, 0, 0, 0, 0, 0, 0
306, 0, 195, 36, 80, 12, 0, 62, 5, 0, 0, 0, 0, 0, 0
306, 1, 314, 64, 116, 33, 8, 88, 5, 0, 0, 0, 0, 0, 0
306, 2, 390, 42, 181, 33, 8, 106, 20, 0, 0, 0, 0, 0, 0
306, 3, 241, 46, 78, 24, 8, 80, 5, 0, 0, 0, 0, 0, 0
306, 4, 224, 50, 83, 15, 8, 58, 10, 0, 0, 0, 0, 0, 0
306, 5, 279, 48, 128, 12, 0, 86, 5, 0, 0, 0, 0, 0, 0
306, 6, 145, 48, 19, 0, 0, 78, 0, 0, 0, 0, 0, 0, 0
306, 7, 135, 48, 17, 0, 0, 70, 0, 0, 0, 0, 0, 0, 0
306, 8, 150, 50, 22, 0, 0, 78, 0, 0, 0, 0, 0, 0, 0
306, 9, 150, 48, 20, 0, 0, 82, 0, 0, 0, 0, 0, 0, 0
306, 11, 145, 42, 19, 0, 0, 84, 0, 0, 0, 0, 0, 0, 0
306, 12, 138, 48, 16, 0, 0, 74, 0, 0, 0, 0, 0, 0, 0
306, 13, 144, 42, 22, 0, 0, 80, 0, 0, 0, 0, 0, 0, 0
306, 14, 156, 52, 20, 0, 0, 84, 0, 0, 0, 0, 0, 0, 0
306, 63, 136, 50, 0, 0, 0, 86, 0, 0, 0, 0, 0, 0, 0
307, 0, 195, 36, 80, 12, 0, 62, 5, 0, 0, 0, 0, 0, 0
307, 1, 314, 64, 116, 33, 8, 88, 5, 0, 0, 0, 0, 0, 0
307, 2, 390, 42, 181, 33, 8, 106, 20, 0, 0, 0, 0, 0, 0
307, 3, 241, 46, 78, 24, 8, 80, 5, 0, 0, 0, 0, 0, 0
307, 4, 226, 50, 83, 15, 8, 60, 10, 0, 0, 0, 0, 0, 0
307, 5, 279, 48, 128, 12, 0, 86, 5, 0, 0, 0, 0, 0, 0
307, 6, 145, 48, 19, 0, 0, 78, 0, 0, 0, 0, 0, 0, 0
307, 7, 135, 48, 17, 0, 0, 70, 0, 0, 0, 0, 0, 0, 0
307, 8, 150, 50, 22, 0, 0, 78, 0, 0, 0, 0, 0, 0, 0
307, 9, 150, 48, 20, 0, 0, 82, 0, 0, 0, 0, 0, 0, 0
307, 11, 145, 42, 19, 0, 0, 84, 0, 0, 0, 0, 0, 0, 0
307, 12, 138, 48, 16, 0, 0, 74, 0, 0, 0, 0, 0, 0, 0
307, 13, 144, 42, 22, 0, 0, 80, 0, 0, 0, 0, 0, 0, 0
307, 14, 156, 52, 20, 0, 0, 84, 0, 0, 0, 0, 0, 0, 0
307, 63, 136, 50, 0, 0, 0, 86, 0, 0, 0, 0, 0, 0, 0
308, 0, 195, 36, 80, 12, 0, 62, 5, 0, 0, 0, 0, 0, 0
308, 1, 314, 64, 116, 33, 8, 88, 5, 0, 0, 0, 0, 0, 0
308, 2, 390, 42, 181, 33, 8, 106, 20, 0, 0, 0, 0, 0, 0
308, 3, 242, 46, 79, 24, 8, 80, 5, 0, 0, 0, 0, 0, 0
308, 4, 229, 50, 84, 15, 8, 62, 10, 0, 0, 0, 0, 0, 0
308, 5, 281, 50, 128, 12, 0, 86, 5, 0, 0, 0, 0, 0, 0
308, 6, 145, 48, 19, 0, 0, 78, 0, 0, 0, 0, 0, 0, 0
308, 7, 135, 48, 17, 0, 0, 70, 0, 0, 0, 0, 0, 0, 0
308, 8, 150, 50, 22, 0, 0, 78, 0, 0, 0, 0, 0, 0, 0
308, 9, 150, 48, 20, 0, 0, 82, 0, 0, 0, 0, 0, 0, 0
308, 11, 145, 42, 19, 0, 0, 84, 0, 0, 0, 0, 0, 0, 0
308, 12, 138, 48, 16, 0, 0, 74, 0, 0, 0, 0, 0, 0, 0
308, 13, 144, 42, 22, 0, 0, 80, 0, 0, 0, 0, 0, 0, 0
308, 14, 156, 52, 20, 0, 0, 84, 0, 0, 0, 0, 0, 0, 0
308, 63, 136, 50, 0, 0, 0, 86, 0, 0, 0, 0, 0, 0, 0
309, 0, 195, 36, 80, 12, 0, 62, 5, 0, 0, 0, 0, 0, 0
309, 1, 315, 64, 117, 33, 8, 88, 5, 0, 0, 0, 0, 0, 0
309, 2, 392, 44, 181, 33, 8, 106, 20, 0, 0, 0, 0, 0, 0
309, 3, 242, 46, 79, 24, 8, 80, 5, 0, 0, 0, 0, 0, 0
309, 4, 229, 50, 84, 15, 8, 62, 10, 0, 0, 0, 0, 0, 0
309, 5, 281, 50, 128, 12, 0, 86, 5, 0, 0, 0, 0, 0, 0
309, 6, 145, 48, 19, 0, 0, 78, 0, 0, 0, 0, 0, 0, 0
309, 7, 135, 48, 17, 0, 0, 70, 0, 0, 0, 0, 0, 0, 0
309, 8, 150, 50, 22, 0, 0, 78, 0, 0, 0, 0, 0, 0, 0
309, 9, 150, 48, 20, 0, 0, 82, 0, 0, 0, 0, 0, 0, 0
309, 11, 145, 42, 19, 0, 0, 84, 0, 0, 0, 0, 0, 0, 0
309, 12, 138, 48, 16, 0, 0, 74, 0, 0, 0, 0, 0, 0, 0
309, 13, 144, 42, 22, 0, 0, 80, 0, 0, 0, 0, 0, 0, 0
309, 14, 156, 52, 20, 0, 0, 84, 0, 0, 0, 0, 0, 0, 0
309, 63, 136, 50, 0, 0, 0, 86, 0, 0, 0, 0, 0, 0, 0
310, 0, 195, 36, 80, 12, 0, 62, 5, 0, 0, 0, 0, 0, 0
310, 1, 315, 64, 117, 33, 8, 88, 5, 0, 0, 0, 0, 0, 0
310, 2, 392, 44, 181, 33, 8, 106, 20, 0, 0, 0, 0, 0, 0
310, 3, 242, 46, 79, 24, 8, 80, 5, 0, 0, 0, 0, 0, 0
310, 4, 229, 50, 84, 15, 8, 62, 10, 0, 0, 0, 0, 0, 0
310, 5, 282, 50, 129, 12, 0, 86, 5, 0, 0, 0, 0, 0, 0
310, 6, 145, 48, 19, 0, 0, 78, 0, 0, 0, 0, 0, 0, 0
310, 7, 135, 48, 17, 0, 0, 70, 0, 0, 0, 0, 0, 0, 0
310, 8, 150, 50, 22, 0, 0, 78, 0, 0, 0, 0, 0, 0, 0
310, 9, 150, 48, 20, 0, 0, 82, 0, 0, 0, 0, 0, 0, 0
310, 11, 145, 42, 19, 0, 0, 84, 0, 0, 0, 0, 0, 0, 0
310, 12, 138, 48, 16, 0, 0, 74, 0, 0, 0, 0, 0, 0, 0
310, 13, 144, 42, 22, 0, 0, 80, 0, 0, 0, 0, 0, 0, 0
310, 14, 156, 52, 20, 0, 0, 84, 0, 0, 0, 0, 0, 0, 0
310, 63, 136, 50, 0, 0, 0, 86, 0, 0, 0, 0, 0, 0, 0
311, 0, 195, 36, 80, 12, 0, 62, 5, 0, 0, 0, 0, 0, 0
311, 1, 318, 64, 120, 33, 8, 88, 5, 0, 0, 0, 0, 0, 0
311, 2, 393, 44, 182, 33, 8, 106, 20, 0, 0, 0, 0, 0, 0
311, 3, 242, 46, 79, 24, 8, 80, 5, 0, 0, 0, 0, 0, 0
311, 4, 229, 50, 84, 15, 8, 62, 10, 0, 0, 0, 0, 0, 0
311, 5, 284, 50, 129, 12, 0, 88, 5, 0, 0, 0, 0, 0, 0
311, 6, 145, 48, 19, 0, 0, 78, 0, 0, 0, 0, 0, 0, 0
311, 7, 135, 48, 17, 0, 0, 70, 0, 0, 0, 0, 0, 0, 0
311, 8, 150, 50, 22, 0, 0, 78, 0, 0, 0, 0, 0, 0, 0
311, 9, 150, 48, 20, 0, 0, 82, 0, 0, 0, 0, 0, 0, 0
311, 11, 145, 42, 19, 0, 0, 84, 0, 0, 0, 0, 0, 0, 0
311, 12, 138, 48, 16, 0, 0, 74, 0, 0, 0, 0, 0, 0, 0
311, 13, 144, 42, 22, 0, 0, 80, 0, 0, 0, 0, 0, 0, 0
311, 14, 157, 52, 21, 0, 0, 84, 0, 0, 0, 0, 0, 0, 0
311, 63, 138, 50, 0, 0, 0, 88, 0, 0, 0, 0, 0, 0, 0
312, 0, 195, 36, 80, 12, 0, 62, 5, 0, 0, 0, 0, 0, 0
312, 1, 319, 64, 121, 33, 8, 88, 5, 0, 0, 0, 0, 0, 0
312, 2, 393, 44, 182, 33, 8, 106, 20, 0, 0, 0, 0, 0, 0
312, 3, 242, 46, 79, 24, 8, 80, 5, 0, 0, 0, 0, 0, 0
312, 4, 229, 50, 84, 15, 8, 62, 10, 0, 0, 0, 0, 0, 0
312, 5, 284, 50, 129, 12, 0, 88, 5, 0, 0, 0, 0, 0, 0
312, 6, 145, 48, 19, 0, 0, 78, 0, 0, 0, 0, 0, 0, 0
312, 7, 135, 48, 17, 0, 0, 70, 0, 0, 0, 0, 0, 0, 0
312, 8, 150, 50, 22, 0, 0, 78, 0, 0, 0, 0, 0, 0, 0
312, 9, 150, 48, 20, 0, 0, 82, 0, 0, 0, 0, 0, 0, 0
312, 11, 147, 44, 19, 0, 0, 84, 0, 0, 0, 0, 0, 0, 0
312, 12, 138, 48, 16, 0, 0, 74, 0, 0, 0, 0, 0, 0, 0
312, 13, 144, 42, 22, 0, 0, 80, 0, 0, 0, 0, 0, 0, 0
312, 14, 157, 52, 21, 0, 0, 84, 0, 0, 0, 0, 0, 0, 0
312, 63, 138, 50, 0, 0, 0, 88, 0, 0, 0, 0, 0, 0, 0
313, 0, 197, 38, 80, 12, 0, 62, 5, 0, 0, 0, 0, 0, 0
313, 1, 319, 64, 121, 33, 8, 88, 5, 0, 0, 0, 0, 0, 0
313, 2, 393, 44, 182, 33, 8, 106, 20, 0, 0, 0, 0, 0, 0
313, 3, 242, 46, 79, 24, 8, 80, 5, 0, 0, 0, 0, 0, 0
313, 4, 229, 50, 84, 15, 8, 62, 10, 0, 0, 0, 0, 0, 0
313, 5, 284, 50, 129, 12, 0, 88, 5, 0, 0, 0, 0, 0, 0
313, 6, 145, 48, 19, 0, 0, 78, 0, 0, 0, 0, 0, 0, 0
313, 7, 135, 48, 17, 0, 0, 70, 0, 0, 0, 0, 0, 0, 0
313, 8, 150, 50, 22, 0, 0, 78, 0, 0, 0, 0, 0, 0, 0
313, 9, 150, 48, 20, 0, 0, 82, 0, 0, 0, 0, 0, 0, 0
313, 11, 149, 46, 19, 0, 0, 84, 0, 0, 0, 0, 0, 0, 0
313, 12, 140, 50, 16, 0, 0, 74, 0, 0, 0, 0, 0, 0, 0
313, 13, 144, 42, 22, 0, 0, 80, 0, 0, 0, 0, 0, 0, 0
313, 14, 157, 52, 21, 0, 0, 84, 0, 0, 0, 0, 0, 0, 0
313, 63, 140, 52, 0, 0, 0, 88, 0, 0, 0, 0, 0, 0, 0
314, 0, 198, 38, 81, 12, 0, 62, 5, 0, 0, 0, 0, 0, 0
314, 1, 319, 64, 121, 33, 8, 88, 5, 0, 0, 0, 0, 0, 0
314, 2, 395, 44, 184, 33, 8, 106, 20, 0, 0, 0, 0, 0, 0
314, 3, 242, 46, 79, 24, 8, 80, 5, 0, 0, 0, 0, 0, 0
314, 4, 231, 50, 84, 15, 8, 64, 10, 0, 0, 0, 0, 0, 0
314, 5, 284, 50, 129, 12, 0, 88, 5, 0, 0, 0, 0, 0, 0
314, 6, 147, 48, 19, 0, 0, 80, 0, 0, 0, 0, 0, 0, 0
314, 7, 135, 48, 17, 0, 0, 70, 0, 0, 0, 0, 0, 0, 0
314, 8, 152, 50, 22, 0, 0, 80, 0, 0, 0, 0, 0, 0, 0
314, 9, 150, 48, 20, 0, 0, 82, 0, 0, 0, 0, 0, 0, 0
314, 11, 153, 48, 19, 0, 0, 86, 0, 0, 0, 0, 0, 0, 0
314, 12, 144, 52, 16, 0, 0, 76, 0, 0, 0, 0, 0, 0, 0
314, 13, 148, 44, 22, 0, 0, 82, 0, 0, 0, 0, 0, 0, 0
314, 14, 159, 52, 21, 0, 0, 86, 0, 0, 0, 0, 0, 0, 0
314, 63, 142, 52, 0, 0, 0, 90, 0, 0, 0, 0, 0, 0, 0
315, 0, 198, 38, 81, 12, 0, 62, 5, 0, 0, 0, 0, 0, 0
315, 1, 320, 64, 122, 33, 8, 88, 5, 0, 0, 0, 0, 0, 0
315, 2, 398, 44, 185, 33, 8, 108, 20, 0, 0, 0, 0, 0, 0
315, 3, 242, 46, 79, 24, 8, 80, 5, 0, 0, 0, 0, 0, 0
315, 4, 231, 50, 84, 15, 8, 64, 10, 0, 0, 0, 0, 0, 0
315, 5, 286, 50, 131, 12, 0, 88, 5, 0, 0, 0, 0, 0, 0
315, 6, 149, 48, 19, 0, 0, 82, 0, 0, 0, 0, 0, 0, 0
315, 7, 135, 48, 17, 0, 0, 70, 0, 0, 0, 0, 0, 0, 0
315, 8, 154, 50, 22, 0, 0, 82, 0, 0, 0, 0, 0, 0, 0
315, 9, 150, 48, 20, 0, 0, 82, 0, 0, 0, 0, 0, 0, 0
315, 11, 157, 50, 19, 0, 0, 88, 0, 0, 0, 0, 0, 0, 0
315, 12, 146, 52, 16, 0, 0, 78, 0, 0, 0, 0, 0, 0, 0
315, 13, 152, 46, 22, 0, 0, 84, 0, 0, 0, 0, 0, 0, 0
315, 14, 161, 52, 21, 0, 0, 88, 0, 0, 0, 0, 0, 0, 0
315, 63, 142, 52, 0, 0, 0, 90, 0, 0, 0, 0, 0, 0, 0
316, 0, 198, 38, 81, 12, 0, 62, 5, 0, 0, 0, 0, 0, 0
316, 1, 322, 64, 122, 33, 8, 90, 5, 0, 0, 0, 0, 0, 0
316, 2, 398, 44, 185, 33, 8, 108, 20, 0, 0, 0, 0, 0, 0
316, 3, 244, 46, 79, 24, 8, 82, 5, 0, 0, 0, 0, 0, 0
316, 4, 231, 50, 84, 15, 8, 64, 10, 0, 0, 0, 0, 0, 0
316, 5, 291, 52, 131, 15, 0, 88, 5, 0, 0, 0, 0, 0, 0
316, 6, 151, 48, 19, 0, 0, 84, 0, 0, 0, 0, 0, 0, 0
316, 7, 135, 48, 17, 0, 0, 70, 0, 0, 0, 0, 0, 0, 0
316, 8, 156, 50, 22, 0, 0, 84, 0, 0, 0, 0, 0, 0, 0
316, 9, 152, 48, 20, 0, 0, 84, 0, 0, 0, 0, 0, 0, 0
316, 11, 159, 50, 19, 0, 0, 90, 0, 0, 0, 0, 0, 0, 0
316, 12, 148, 52, 16, 0, 0, 80, 0, 0, 0, 0, 0, 0, 0
316, 13, 156, 48, 22, 0, 0, 86, 0, 0, 0, 0, 0, 0, 0
316, 14, 163, 52, 21, 0, 0, 90, 0, 0, 0, 0, 0, 0, 0
316, 63, 142, 52, 0, 0, 0, 90, 0, 0, 0, 0, 0, 0, 0
317, 0, 198, 38, 81, 12, 0, 62, 5, 0, 0, 0, 0, 0, 0
317, 1, 322, 64, 122, 33, 8, 90, 5, 0, 0, 0, 0, 0, 0
317, 2, 398, 44, 185, 33, 8, 108, 20, 0, 0, 0, 0, 0, 0
317, 3, 243, 46, 78, 24, 8, 82, 5, 0, 0, 0, 0, 0, 0
317, 4, 231, 50, 84, 15, 8, 64, 10, 0, 0, 0, 0, 0, 0
317, 5, 291, 52, 131, 15, 0, 88, 5, 0, 0, 0, 0, 0, 0
317, 6, 153, 48, 19, 0, 0, 86, 0, 0, 0, 0, 0, 0, 0
317, 7, 135, 48, 17, 0, 0, 70, 0, 0, 0, 0, 0, 0, 0
317, 8, 158, 50, 22, 0, 0, 86, 0, 0, 0, 0, 0, 0, 0
317, 9, 154, 48, 20, 0, 0, 86, 0, 0, 0, 0, 0, 0, 0
317, 11, 159, 50, 19, 0, 0, 90, 0, 0, 0, 0, 0, 0, 0
317, 12, 150, 52, 16, 0, 0, 82, 0, 0, 0, 0, 0, 0, 0
317, 13, 160, 50, 22, 0, 0, 88, 0, 0, 0, 0, 0, 0, 0
317, 14, 163, 52, 21, 0, 0, 90, 0, 0, 0, 0, 0, 0, 0
317, 63, 142, 52, 0, 0, 0, 90, 0, 0, 0, 0, 0, 0, 0
318, 0, 198, 38, 81, 12, 0, 62, 5, 0, 0, 0, 0, 0, 0
318, 1, 324, 66, 122, 33, 8, 90, 5, 0, 0, 0, 0, 0, 0
318, 2, 398, 44, 185, 33, 8, 108, 20, 0, 0, 0, 0, 0, 0
318, 3, 244, 46, 79, 24, 8, 82, 5, 0, 0, 0, 0, 0, 0
318, 4, 231, 50, 84, 15, 8, 64, 10, 0, 0, 0, 0, 0, 0
318, 5, 291, 52, 131, 15, 0, 88, 5, 0, 0, 0, 0, 0, 0
318, 6, 155, 48, 19, 0, 0, 88, 0, 0, 0, 0, 0, 0, 0
318, 7, 135, 48, 17, 0, 0, 70, 0, 0, 0, 0, 0, 0, 0
318, 8, 160, 50, 22, 0, 0, 88, 0, 0, 0, 0, 0, 0, 0
318, 9, 156, 48, 20, 0, 0, 88, 0, 0, 0, 0, 0, 0, 0
318, 11, 159, 50, 19, 0, 0, 90, 0, 0, 0, 0, 0, 0, 0
318, 12, 152, 52, 16, 0, 0, 84, 0, 0, 0, 0, 0, 0, 0
318, 13, 162, 50, 22, 0, 0, 90, 0, 0, 0, 0, 0, 0, 0
318, 14, 163, 52, 21, 0, 0, 90, 0, 0, 0, 0, 0, 0, 0
318, 63, 142, 52, 0, 0, 0, 90, 0, 0, 0, 0, 0, 0, 0
319, 0, 198, 38, 81, 12, 0, 62, 5, 0, 0, 0, 0, 0, 0
319, 1, 324, 66, 122, 33, 8, 90, 5, 0, 0, 0, 0, 0, 0
319, 2, 399, 44, 186, 33, 8, 108, 20, 0, 0, 0, 0, 0, 0
319, 3, 244, 46, 79, 24, 8, 82, 5, 0, 0, 0, 0, 0, 0
319, 4, 234, 50, 87, 15, 8, 64, 10, 0, 0, 0, 0, 0, 0
319, 5, 295, 52, 135, 15, 0, 88, 5, 0, 0, 0, 0, 0, 0
319, 6, 157, 48, 19, 0, 0, 90, 0, 0, 0, 0, 0, 0, 0
319, 7, 135, 48, 17, 0, 0, 70, 0, 0, 0, 0, 0, 0, 0
319, 8, 162, 50, 22, 0, 0, 90, 0, 0, 0, 0, 0, 0, 0
319, 9, 158, 48, 20, 0, 0, 90, 0, 0, 0, 0, 0, 0, 0
319, 11, 158, 50, 18, 0, 0, 90, 0, 0, 0, 0, 0, 0, 0
319, 12, 154, 52, 16, 0, 0, 86, 0, 0, 0, 0, 0, 0, 0
319, 13, 162, 50, 22, 0, 0, 90, 0, 0, 0, 0, 0, 0, 0
319, 14, 163, 52, 21, 0, 0, 90, 0, 0, 0, 0, 0, 0, 0
319, 63, 142, 52, 0, 0, 0, 90, 0, 0, 0, 0, 0, 0, 0
320, 0, 198, 38, 81, 12, 0, 62, 5, 0, 0, 0, 0, 0, 0
320, 1, 324, 66, 122, 33, 8, 90, 5, 0, 0, 0, 0, 0, 0
320, 2, 405, 44, 192, 33, 8, 108, 20, 0, 0, 0, 0, 0, 0
320, 3, 245, 46, 80, 24, 8, 82, 5, 0, 0, 0, 0, 0, 0
320, 4, 234, 50, 87, 15, 8, 64, 10, 0, 0, 0, 0, 0, 0
320, 5, 299, 52, 137, 15, 0, 90, 5, 0, 0, 0, 0, 0, 0
320, 6, 157, 48, 19, 0, 0, 90, 0, 0, 0, 0, 0, 0, 0
320, 7, 135, 48, 17, 0, 0, 70, 0, 0, 0, 0, 0, 0, 0
320, 8, 162, 50, 22, 0, 0, 90, 0, 0, 0, 0, 0, 0, 0
320, 9, 160, 48, 20, 0, 0, 92, 0, 0, 0, 0, 0, 0, 0
320, 11, 159, 50, 19, 0, 0, 90, 0, 0, 0, 0, 0, 0, 0
320, 12, 154, 52, 16, 0, 0, 86, 0, 0, 0, 0, 0, 0, 0
320, 13, 162, 50, 22, 0, 0, 90, 0, 0, 0, 0, 0, 0, 0
320, 14, 163, 52, 21, 0, 0, 90, 0, 0, 0, 0, 0, 0, 0
320, 63, 144, 52, 0, 0, 0, 92, 0, 0, 0, 0, 0, 0, 0
321, 0, 200, 38, 81, 12, 0, 64, 5, 0, 0, 0, 0, 0, 0
321, 1, 324, 66, 122, 33, 8, 90, 5, 0, 0, 0, 0, 0, 0
321, 2, 406, 44, 193, 33, 8, 108, 20, 0, 0, 0, 0, 0, 0
321, 3, 245, 46, 80, 24, 8, 82, 5, 0, 0, 0, 0, 0, 0
321, 4, 234, 50, 87, 15, 8, 64, 10, 0, 0, 0, 0, 0, 0
321, 5, 302, 52, 140, 15, 0, 90, 5, 0, 0, 0, 0, 0, 0
321, 6, 159, 48, 19, 0, 0, 92, 0, 0, 0, 0, 0, 0, 0
321, 7, 135, 48, 17, 0, 0, 70, 0, 0, 0, 0, 0, 0, 0
321, 8, 164, 50, 22, 0, 0, 92, 0, 0, 0, 0, 0, 0, 0
321, 9, 162, 48, 20, 0, 0, 94, 0, 0, 0, 0, 0, 0, 0
321, 11, 160, 50, 18, 0, 0, 92, 0, 0, 0, 0, 0, 0, 0
321, 12, 156, 52, 16, 0, 0, 88, 0, 0, 0, 0, 0, 0, 0
321, 13, 164, 50, 22, 0, 0, 92, 0, 0, 0, 0, 0, 0, 0
321, 14, 165, 52, 21, 0, 0, 92, 0, 0, 0, 0, 0, 0, 0
321, 63, 144, 52, 0, 0, 0, 92, 0, 0, 0, 0, 0, 0, 0
322, 0, 200, 38, 81, 12, 0, 64, 5, 0, 0, 0, 0, 0, 0
322, 1, 324, 66, 122, 33, 8, 90, 5, 0, 0, 0, 0, 0, 0
322, 2, 409, 46, 194, 33, 8, 108, 20, 0, 0, 0, 0, 0, 0
322, 3, 247, 48, 80, 24, 8, 82, 5, 0, 0, 0, 0, 0, 0
322, 4, 234, 50, 87, 15, 8, 64, 10, 0, 0, 0, 0, 0, 0
322, 5, 305, 52, 143, 15, 0, 90, 5, 0, 0, 0, 0, 0, 0
322, 6, 159, 48, 19, 0, 0, 92, 0, 0, 0, 0, 0, 0, 0
322, 7, 135, 48, 17, 0, 0, 70, 0, 0, 0, 0, 0, 0, 0
322, 8, 166, 52, 22, 0, 0, 92, 0, 0, 0, 0, 0, 0, 0
322, 9, 162, 48, 20, 0, 0, 94, 0, 0, 0, 0, 0, 0, 0
322, 11, 163, 52, 19, 0, 0, 92, 0, 0, 0, 0, 0, 0, 0
322, 12, 160, 54, 16, 0, 0, 90, 0, 0, 0, 0, 0, 0, 0
322, 13, 166, 52, 22, 0, 0, 92, 0, 0, 0, 0, 0, 0, 0
322, 14, 165, 52, 21, 0, 0, 92, 0, 0, 0, 0, 0, 0, 0
322, 63, 146, 54, 0, 0, 0, 92, 0, 0, 0, 0, 0, 0, 0
323, 0, 200, 38, 81, 12, 0, 64, 5, 0, 0, 0, 0, 0, 0
323, 1, 324, 66, 122, 33, 8, 90, 5, 0, 0, 0, 0, 0, 0
323, 2, 410, 46, 195, 33, 8, 108, 20, 0, 0, 0, 0, 0, 0
323, 3, 253, 48, 86, 24, 8, 82, 5, 0, 0, 0, 0, 0, 0
323, 4, 234, 50, 87, 15, 8, 64, 10, 0, 0, 0, 0, 0, 0
323, 5, 305, 52, 143, 15, 0, 90, 5, 0, 0, 0, 0, 0, 0
323, 6, 159, 48, 19, 0, 0, 92, 0, 0, 0, 0, 0, 0, 0
323, 7, 135, 48, 17, 0, 0, 70, 0, 0, 0, 0, 0, 0, 0
323, 8, 168, 54, 22, 0, 0, 92, 0, 0, 0, 0, 0, 0, 0
323, 9, 164, 50, 20, 0, 0, 94, 0, 0, 0, 0, 0, 0, 0
323, 11, 164, 54, 18, 0, 0, 92, 0, 0, 0, 0, 0, 0, 0
323, 12, 162, 54, 16, 0, 0, 92, 0, 0, 0, 0, 0, 0, 0
323, 13, 169, 54, 23, 0, 0, 92, 0, 0, 0, 0, 0, 0, 0
323, 14, 165, 52, 21, 0, 0, 92, 0, 0, 0, 0, 0, 0, 0
323, 63, 146, 54, 0, 0, 0, 92, 0, 0, 0, 0, 0, 0, 0
324, 0, 200, 38, 81, 12, 0, 64, 5, 0, 0, 0, 0, 0, 0
324, 1, 325, 66, 123, 33, 8, 90, 5, 0, 0, 0, 0, 0, 0
324, 2, 412, 46, 195, 33, 8, 110, 20, 0, 0, 0, 0, 0, 0
324, 3, 253, 48, 86, 24, 8, 82, 5, 0, 0, 0, 0, 0, 0
324, 4, 236, 52, 87, 15, 8, 64, 10, 0, 0, 0, 0, 0, 0
324, 5, 305, 52, 143, 15, 0, 90, 5, 0, 0, 0, 0, 0, 0
324, 6, 159, 48, 19, 0, 0, 92, 0, 0, 0, 0, 0, 0, 0
324, 7, 135, 48, 17, 0, 0, 70, 0, 0, 0, 0, 0, 0, 0
324, 8, 168, 54, 22, 0, 0, 92, 0, 0, 0, 0, 0, 0, 0
324, 9, 166, 52, 20, 0, 0, 94, 0, 0, 0, 0, 0, 0, 0
324, 11, 167, 56, 19, 0, 0, 92, 0, 0, 0, 0, 0, 0, 0
324, 12, 162, 54, 16, 0, 0, 92, 0, 0, 0, 0, 0, 0, 0
324, 13, 171, 56, 23, 0, 0, 92, 0, 0, 0, 0, 0, 0, 0
324, 14, 167, 54, 21, 0, 0, 92, 0, 0, 0, 0, 0, 0, 0
324, 63, 148, 56, 0, 0, 0, 92, 0, 0, 0, 0, 0, 0, 0
325, 0, 200, 38, 81, 12, 0, 64, 5, 0, 0, 0, 0, 0, 0
325, 1, 325, 66, 123, 33, 8, 90, 5, 0, 0, 0, 0, 0, 0
325, 2, 412, 46, 195, 33, 8, 110, 20, 0, 0, 0, 0, 0, 0
325, 3, 253, 48, 86, 24, 8, 82, 5, 0, 0, 0, 0, 0, 0
325, 4, 236, 52, 87, 15, 8, 64, 10, 0, 0, 0, 0, 0, 0
325, 5, 305, 52, 143, 15, 0, 90, 5, 0, 0, 0, 0, 0, 0
325, 6, 159, 48, 19, 0, 0, 92, 0, 0, 0, 0, 0, 0, 0
325, 7, 135, 48, 17, 0, 0, 70, 0, 0, 0, 0, 0, 0, 0
325, 8, 168, 54, 22, 0, 0, 92, 0, 0, 0, 0, 0, 0, 0
325, 9, 168, 54, 20, 0, 0, 94, 0, 0, 0, 0, 0, 0, 0
325, 11, 167, 56, 19, 0, 0, 92, 0, 0, 0, 0, 0, 0, 0
325, 12, 162, 54, 16, 0, 0, 92, 0, 0, 0, 0, 0, 0, 0
325, 13, 171, 56, 23, 0, 0, 92, 0, 0, 0, 0, 0, 0, 0
325, 14, 169, 56, 21, 0, 0, 92, 0, 0, 0, 0, 0, 0, 0
325, 63, 148, 56, 0, 0, 0, 92, 0, 0, 0, 0, 0, 0, 0
326, 0, 202, 40, 81, 12, 0, 64, 5, 0, 0, 0, 0, 0, 0
326, 1, 328, 66, 124, 33, 8, 92, 5, 0, 0, 0, 0, 0, 0
326, 2, 412, 46, 195, 33, 8, 110, 20, 0, 0, 0, 0, 0, 0
326, 3, 253, 48, 86, 24, 8, 82, 5, 0, 0, 0, 0, 0, 0
326, 4, 239, 52, 90, 15, 8, 64, 10, 0, 0, 0, 0, 0, 0
326, 5, 305, 52, 143, 15, 0, 90, 5, 0, 0, 0, 0, 0, 0
326, 6, 159, 48, 19, 0, 0, 92, 0, 0, 0, 0, 0, 0, 0
326, 7, 135, 48, 17, 0, 0, 70, 0, 0, 0, 0, 0, 0, 0
326, 8, 168, 54, 22, 0, 0, 92, 0, 0, 0, 0, 0, 0, 0
326, 9, 170, 56, 20, 0, 0, 94, 0, 0, 0, 0, 0, 0, 0
326, 11, 167, 56, 19, 0, 0, 92, 0, 0, 0, 0, 0, 0, 0
326, 12, 162, 54, 16, 0, 0, 92, 0, 0, 0, 0, 0, 0, 0
326, 13, 171, 56, 23, 0, 0, 92, 0, 0, 0, 0, 0, 0, 0
326, 14, 169, 56, 21, 0, 0, 92, 0, 0, 0, 0, 0, 0, 0
326, 63, 148, 56, 0, 0, 0, 92, 0, 0, 0, 0, 0, 0, 0
327, 0, 202, 40, 81, 12, 0, 64, 5, 0, 0, 0, 0, 0, 0
327, 1, 331, 68, 125, 33, 8, 92, 5, 0, 0, 0, 0, 0, 0
327, 2, 412, 46, 195, 33, 8, 110, 20, 0, 0, 0, 0, 0, 0
327, 3, 253, 48, 86, 24, 8, 82, 5, 0, 0, 0, 0, 0, 0
327, 4, 241, 52, 90, 15, 8, 66, 10, 0, 0, 0, 0, 0, 0
327, 5, 305, 52, 143, 15, 0, 90, 5, 0, 0, 0, 0, 0, 0
327, 6, 159, 48, 19, 0, 0, 92, 0, 0, 0, 0, 0, 0, 0
327, 7, 135, 48, 17, 0, 0, 70, 0, 0, 0, 0, 0, 0, 0
327, 8, 168, 54, 22, 0, 0, 92, 0, 0, 0, 0, 0, 0, 0
327, 9, 170, 56, 20, 0, 0, 94, 0, 0, 0, 0, 0, 0, 0
327, 11, 167, 56, 19, 0, 0, 92, 0, 0, 0, 0, 0, 0, 0
327, 12, 162, 54, 16, 0, 0, 92, 0, 0, 0, 0, 0, 0, 0
327, 13, 171, 56, 23, 0, 0, 92, 0, 0, 0, 0, 0, 0, 0
327, 14, 169, 56, 21, 0, 0, 92, 0, 0, 0, 0, 0, 0, 0
327, 63, 148, 56, 0, 0, 0, 92, 0, 0, 0, 0, 0, 0, 0
328, 0, 203, 40, 82, 12, 0, 64, 5, 0, 0, 0, 0, 0, 0
328, 1, 331, 68, 125, 33, 8, 92, 5, 0, 0, 0, 0, 0, 0
328, 2, 413, 46, 196, 33, 8, 110, 20, 0, 0, 0, 0, 0, 0
328, 3, 255, 48, 86, 24, 8, 84, 5, 0, 0, 0, 0, 0, 0
328, 4, 244, 52, 93, 15, 8, 66, 10, 0, 0, 0, 0, 0, 0
328, 5, 307, 52, 143, 15, 0, 92, 5, 0, 0, 0, 0, 0, 0
328, 6, 159, 48, 19, 0, 0, 92, 0, 0, 0, 0, 0, 0, 0
328, 7, 135, 48, 17, 0, 0, 70, 0, 0, 0, 0, 0, 0, 0
328, 8, 168, 54, 22, 0, 0, 92, 0, 0, 0, 0, 0, 0, 0
328, 9, 170, 56, 20, 0, 0, 94, 0, 0, 0, 0, 0, 0, 0
328, 11, 167, 56, 19, 0, 0, 92, 0, 0, 0, 0, 0, 0, 0
328, 12, 162, 54, 16, 0, 0, 92, 0, 0, 0, 0, 0, 0, 0
328, 13, 171, 56, 23, 0, 0, 92, 0, 0, 0, 0, 0, 0, 0
328, 14, 169, 56, 21, 0, 0, 92, 0, 0, 0, 0, 0, 0, 0
328, 63, 150, 56, 0, 0, 0, 94, 0, 0, 0, 0, 0, 0, 0
329, 0, 203, 40, 82, 12, 0, 64, 5, 0, 0, 0, 0, 0, 0
329, 1, 334, 68, 128, 33, 8, 92, 5, 0, 0, 0, 0, 0, 0
329, 2, 415, 46, 196, 33, 8, 112, 20, 0, 0, 0, 0, 0, 0
329, 3, 256, 48, 87, 24, 8, 84, 5, 0, 0, 0, 0, 0, 0
329, 4, 244, 52, 93, 15, 8, 66, 10, 0, 0, 0, 0, 0, 0
329, 5, 307, 52, 143, 15, 0, 92, 5, 0, 0, 0, 0, 0, 0
329, 6, 161, 50, 19, 0, 0, 92, 0, 0, 0, 0, 0, 0, 0
329, 7, 137, 50, 17, 0, 0, 70, 0, 0, 0, 0, 0, 0, 0
329, 8, 168, 54, 22, 0, 0, 92, 0, 0, 0, 0, 0, 0, 0
329, 9, 170, 56, 20, 0, 0, 94, 0, 0, 0, 0, 0, 0, 0
329, 11, 167, 56, 19, 0, 0, 92, 0, 0, 0, 0, 0, 0, 0
329, 12, 162, 54, 16, 0, 0, 92, 0, 0, 0, 0, 0, 0, 0
329, 13, 171, 56, 23, 0, 0, 92, 0, 0, 0, 0, 0, 0, 0
329, 14, 169, 56, 21, 0, 0, 92, 0, 0, 0, 0, 0, 0, 0
329, 63, 150, 56, 0, 0, 0, 94, 0, 0, 0, 0, 0, 0, 0
330, 0, 203, 40, 82, 12, 0, 64, 5, 0, 0, 0, 0, 0, 0
330, 1, 335, 68, 129, 33, 8, 92, 5, 0, 0, 0, 0, 0, 0
330, 2, 418, 48, 197, 33, 8, 112, 20, 0, 0, 0, 0, 0, 0
330, 3, 256, 48, 87, 24, 8, 84, 5, 0, 0, 0, 0, 0, 0
330, 4, 246, 54, 93, 15, 8, 66, 10, 0, 0, 0, 0, 0, 0
330, 5, 314, 52, 150, 15, 0, 92, 5, 0, 0, 0, 0, 0, 0
330, 6, 164, 52, 20, 0, 0, 92, 0, 0, 0, 0, 0, 0, 0
330, 7, 137, 50, 17, 0, 0, 70, 0, 0, 0, 0, 0, 0, 0
330, 8, 168, 54, 22, 0, 0, 92, 0, 0, 0, 0, 0, 0, 0
330, 9, 170, 56, 20, 0, 0, 94, 0, 0, 0, 0, 0, 0, 0
330, 11, 167, 56, 19, 0, 0, 92, 0, 0, 0, 0, 0, 0, 0
330, 12, 162, 54, 16, 0, 0, 92, 0, 0, 0, 0, 0, 0, 0
330, 13, 171, 56, 23, 0, 0, 92, 0, 0, 0, 0, 0, 0, 0
330, 14, 169, 56, 21, 0, 0, 92, 0, 0, 0, 0, 0, 0, 0
330, 63, 150, 56, 0, 0, 0, 94, 0, 0, 0, 0, 0, 0, 0
331, 0, 204, 40, 83, 12, 0, 64, 5, 0, 0, 0, 0, 0, 0
331, 1, 335, 68, 129, 33, 8, 92, 5, 0, 0, 0, 0, 0, 0
331, 2, 424, 48, 203, 33, 8, 112, 20, 0, 0, 0, 0, 0, 0
331, 3, 256, 48, 87, 24, 8, 84, 5, 0, 0, 0, 0, 0, 0
331, 4, 246, 54, 93, 15, 8, 66, 10, 0, 0, 0, 0, 0, 0
331, 5, 315, 52, 149, 15, 0, 94, 5, 0, 0, 0, 0, 0, 0
331, 6, 166, 54, 20, 0, 0, 92, 0, 0, 0, 0, 0, 0, 0
331, 7, 137, 50, 17, 0, 0, 70, 0, 0, 0, 0, 0, 0, 0
331, 8, 168, 54, 22, 0, 0, 92, 0, 0, 0, 0, 0, 0, 0
331, 9, 170, 56, 20, 0, 0, 94, 0, 0, 0, 0, 0, 0, 0
331, 11, 167, 56, 19, 0, 0, 92, 0, 0, 0, 0, 0, 0, 0
331, 12, 163, 54, 17, 0, 0, 92, 0, 0, 0, 0, 0, 0, 0
331, 13, 171, 56, 23, 0, 0, 92, 0, 0, 0, 0, 0, 0, 0
331, 14, 169, 56, 21, 0, 0, 92, 0, 0, 0, 0, 0, 0, 0
331, 63, 150, 56, 0, 0, 0, 94, 0, 0, 0, 0, 0, 0, 0
332, 0, 204, 40, 83, 12, 0, 64, 5, 0, 0, 0, 0, 0, 0
332, 1, 335, 68, 129, 33, 8, 92, 5, 0, 0, 0, 0, 0, 0
332, 2, 424, 48, 203, 33, 8, 112, 20, 0, 0, 0, 0, 0, 0
332, 3, 256, 48, 87, 24, 8, 84, 5, 0, 0, 0, 0, 0, 0
332, 4, 246, 54, 93, 15, 8, 66, 10, 0, 0, 0, 0, 0, 0
332, 5, 316, 52, 150, 15, 0, 94, 5, 0, 0, 0, 0, 0, 0
332, 6, 168, 56, 20, 0, 0, 92, 0, 0, 0, 0, 0, 0, 0
332, 7, 137, 50, 17, 0, 0, 70, 0, 0, 0, 0, 0, 0, 0
332, 8, 168, 54, 22, 0, 0, 92, 0, 0, 0, 0, 0, 0, 0
332, 9, 170, 56, 20, 0, 0, 94, 0, 0, 0, 0, 0, 0, 0
332, 11, 167, 56, 19, 0, 0, 92, 0, 0, 0, 0, 0, 0, 0
332, 12, 163, 54, 17, 0, 0, 92, 0, 0, 0, 0, 0, 0, 0
332, 13, 171, 56, 23, 0, 0, 92, 0, 0, 0, 0, 0, 0, 0
332, 14, 169, 56, 21, 0, 0, 92, 0, 0, 0, 0, 0, 0, 0
332, 63, 150, 56, 0, 0, 0, 94, 0, 0, 0, 0, 0, 0, 0
333, 0, 204, 40, 83, 12, 0, 64, 5, 0, 0, 0, 0, 0, 0
333, 1, 335, 68, 129, 33, 8, 92, 5, 0, 0, 0, 0, 0, 0
333, 2, 424, 48, 203, 33, 8, 112, 20, 0, 0, 0, 0, 0, 0
333, 3, 259, 48, 90, 24, 8, 84, 5, 0, 0, 0, 0, 0, 0
333, 4, 246, 54, 93, 15, 8, 66, 10, 0, 0, 0, 0, 0, 0
333, 5, 316, 52, 150, 15, 0, 94, 5, 0, 0, 0, 0, 0, 0
333, 6, 170, 58, 20, 0, 0, 92, 0, 0, 0, 0, 0, 0, 0
333, 7, 140, 50, 18, 0, 0, 72, 0, 0, 0, 0, 0, 0, 0
333, 8, 168, 54, 22, 0, 0, 92, 0, 0, 0, 0, 0, 0, 0
333, 9, 170, 56, 20, 0, 0, 94, 0, 0, 0, 0, 0, 0, 0
333, 11, 167, 56, 19, 0, 0, 92, 0, 0, 0, 0, 0, 0, 0
333, 12, 163, 54, 17, 0, 0, 92, 0, 0, 0, 0, 0, 0, 0
333, 13, 171, 56, 23, 0, 0, 92, 0, 0, 0, 0, 0, 0, 0
333, 14, 169, 56, 21, 0, 0, 92, 0, 0, 0, 0, 0, 0, 0
333, 63, 150, 56, 0, 0, 0, 94, 0, 0, 0, 0, 0, 0, 0
334, 0, 206, 40, 83, 12, 0, 66, 5, 0, 0, 0, 0, 0, 0
334, 1, 335, 68, 129, 33, 8, 92, 5, 0, 0, 0, 0, 0, 0
334, 2, 427, 48, 206, 33, 8, 112, 20, 0, 0, 0, 0, 0, 0
334, 3, 260, 48, 91, 24, 8, 84, 5, 0, 0, 0, 0, 0, 0
334, 4, 246, 54, 93, 15, 8, 66, 10, 0, 0, 0, 0, 0, 0
334, 5, 316, 52, 150, 15, 0, 94, 5, 0, 0, 0, 0, 0, 0
334, 6, 170, 58, 20, 0, 0, 92, 0, 0, 0, 0, 0, 0, 0
334, 7, 142, 50, 18, 0, 0, 74, 0, 0, 0, 0, 0, 0, 0
334, 8, 168, 54, 22, 0, 0, 92, 0, 0, 0, 0, 0, 0, 0
334, 9, 170, 56, 20, 0, 0, 94, 0, 0, 0, 0, 0, 0, 0
334, 11, 167, 56, 19, 0, 0, 92, 0, 0, 0, 0, 0, 0, 0
334, 12, 163, 54, 17, 0, 0, 92, 0, 0, 0, 0, 0, 0, 0
334, 13, 171, 56, 23, 0, 0, 92, 0, 0, 0, 0, 0, 0, 0
334, 14, 169, 56, 21, 0, 0, 92, 0, 0, 0, 0, 0, 0, 0
334, 63, 150, 56, 0, 0, 0, 94, 0, 0, 0, 0, 0, 0, 0
335, 0, 206, 40, 83, 12, 0, 66, 5, 0, 0, 0, 0, 0, 0
335, 1, 335, 68, 129, 33, 8, 92, 5, 0, 0, 0, 0, 0, 0
335, 2, 430, 48, 209, 33, 8, 112, 20, 0, 0, 0, 0, 0, 0
335, 3, 260, 48, 91, 24, 8, 84, 5, 0, 0, 0, 0, 0, 0
335, 4, 249, 54, 94, 15, 8, 68, 10, 0, 0, 0, 0, 0, 0
335, 5, 316, 52, 150, 15, 0, 94, 5, 0, 0, 0, 0, 0, 0
335, 6, 170, 58, 20, 0, 0, 92, 0, 0, 0, 0, 0, 0, 0
335, 7, 146, 52, 18, 0, 0, 76, 0, 0, 0, 0, 0, 0, 0
335, 8, 168, 54, 22, 0, 0, 92, 0, 0, 0, 0, 0, 0, 0
335, 9, 170, 56, 20, 0, 0, 94, 0, 0, 0, 0, 0, 0, 0
335, 11, 167, 56, 19, 0, 0, 92, 0, 0, 0, 0, 0, 0, 0
335, 12, 163, 54, 17, 0, 0, 92, 0, 0, 0, 0, 0, 0, 0
335, 13, 171, 56, 23, 0, 0, 92, 0, 0, 0, 0, 0, 0, 0
335, 14, 169, 56, 21, 0, 0, 92, 0, 0, 0, 0, 0, 0, 0
335, 63, 150, 56, 0, 0, 0, 94, 0, 0, 0, 0, 0, 0, 0
336, 0, 206, 40, 83, 12, 0, 66, 5, 0, 0, 0, 0, 0, 0
336, 1, 336, 70, 128, 33, 8, 92, 5, 0, 0, 0, 0, 0, 0
336, 2, 432, 48, 209, 33, 8, 114, 20, 0, 0, 0, 0, 0, 0
336, 3, 260, 48, 91, 24, 8, 84, 5, 0, 0, 0, 0, 0, 0
336, 4, 251, 56, 94, 15, 8, 68, 10, 0, 0, 0, 0, 0, 0
336, 5, 316, 52, 150, 15, 0, 94, 5, 0, 0, 0, 0, 0, 0
336, 6, 170, 58, 20, 0, 0, 92, 0, 0, 0, 0, 0, 0, 0
336, 7, 150, 54, 18, 0, 0, 78, 0, 0, 0, 0, 0, 0, 0
336, 8, 168, 54, 22, 0, 0, 92, 0, 0, 0, 0, 0, 0, 0
336, 9, 170, 56, 20, 0, 0, 94, 0, 0, 0, 0, 0, 0, 0
336, 11, 167, 56, 19, 0, 0, 92, 0, 0, 0, 0, 0, 0, 0
336, 12, 163, 54, 17, 0, 0, 92, 0, 0, 0, 0, 0, 0, 0
336, 13, 171, 56, 23, 0, 0, 92, 0, 0, 0, 0, 0, 0, 0
336, 14, 169, 56, 21, 0, 0, 92, 0, 0, 0, 0, 0, 0, 0
336, 63, 150, 56, 0, 0, 0, 94, 0, 0, 0, 0, 0, 0, 0
337, 0, 206, 40, 83, 12, 0, 66, 5, 0, 0, 0, 0, 0, 0
337, 1, 337, 70, 129, 33, 8, 92, 5, 0, 0, 0, 0, 0, 0
337, 2, 432, 48, 209, 33, 8, 114, 20, 0, 0, 0, 0, 0, 0
337, 3, 260, 48, 91, 24, 8, 84, 5, 0, 0, 0, 0, 0, 0
337, 4, 251, 56, 94, 15, 8, 68, 10, 0, 0, 0, 0, 0, 0
337, 5, 318, 52, 152, 15, 0, 94, 5, 0, 0, 0, 0, 0, 0
337, 6, 170, 58, 20, 0, 0, 92, 0, 0, 0, 0, 0, 0, 0
337, 7, 154, 56, 18, 0, 0, 80, 0, 0, 0, 0, 0, 0, 0
337, 8, 168, 54, 22, 0, 0, 92, 0, 0, 0, 0, 0, 0, 0
337, 9, 170, 56, 20, 0, 0, 94, 0, 0, 0, 0, 0, 0, 0
337, 11, 167, 56, 19, 0, 0, 92, 0, 0, 0, 0, 0, 0, 0
337, 12, 163, 54, 17, 0, 0, 92, 0, 0, 0, 0, 0, 0, 0
337, 13, 171, 56, 23, 0, 0, 92, 0, 0, 0, 0, 0, 0, 0
337, 14, 169, 56, 21, 0, 0, 92, 0, 0, 0, 0, 0, 0, 0
337, 63, 150, 56, 0, 0, 0, 94, 0, 0, 0, 0, 0, 0, 0
338, 0, 206, 40, 83, 12, 0, 66, 5, 0, 0, 0, 0, 0, 0
338, 1, 337, 70, 129, 33, 8, 92, 5, 0, 0, 0, 0, 0, 0
338, 2, 434, 48, 209, 33, 8, 116, 20, 0, 0, 0, 0, 0, 0
338, 3, 265, 48, 91, 24, 8, 84, 10, 0, 0, 0, 0, 0, 0
338, 4, 251, 56, 94, 15, 8, 68, 10, 0, 0, 0, 0, 0, 0
338, 5, 318, 52, 152, 15, 0, 94, 5, 0, 0, 0, 0, 0, 0
338, 6, 170, 58, 20, 0, 0, 92, 0, 0, 0, 0, 0, 0, 0
338, 7, 156, 56, 18, 0, 0, 82, 0, 0, 0, 0, 0, 0, 0
338, 8, 168, 54, 22, 0, 0, 92, 0, 0, 0, 0, 0, 0, 0
338, 9, 170, 56, 20, 0, 0, 94, 0, 0, 0, 0, 0, 0, 0
338, 11, 167, 56, 19, 0, 0, 92, 0, 0, 0, 0, 0, 0, 0
338, 12, 163, 54, 17, 0, 0, 92, 0, 0, 0, 0, 0, 0, 0
338, 13, 171, 56, 23, 0, 0, 92, 0, 0, 0, 0, 0, 0, 0
338, 14, 169, 56, 21, 0, 0, 92, 0, 0, 0, 0, 0, 0, 0
338, 63, 152, 56, 0, 0, 0, 96, 0, 0, 0, 0, 0, 0, 0
339, 0, 206, 40, 83, 12, 0, 66, 5, 0, 0, 0, 0, 0, 0
339, 1, 337, 70, 129, 33, 8, 92, 5, 0, 0, 0, 0, 0, 0
339, 2, 434, 48, 209, 33, 8, 116, 20, 0, 0, 0, 0, 0, 0
339, 3, 265, 48, 91, 24, 8, 84, 10, 0, 0, 0, 0, 0, 0
339, 4, 251, 56, 94, 15, 8, 68, 10, 0, 0, 0, 0, 0, 0
339, 5, 318, 52, 152, 15, 0, 94, 5, 0, 0, 0, 0, 0, 0
339, 6, 170, 58, 20, 0, 0, 92, 0, 0, 0, 0, 0, 0, 0
339, 7, 158, 56, 18, 0, 0, 84, 0, 0, 0, 0, 0, 0, 0
339, 8, 168, 54, 22, 0, 0, 92, 0, 0, 0, 0, 0, 0, 0
339, 9, 170, 56, 20, 0, 0, 94, 0, 0, 0, 0, 0, 0, 0
339, 11, 167, 56, 19, 0, 0, 92, 0, 0, 0, 0, 0, 0, 0
339, 12, 163, 54, 17, 0, 0, 92, 0, 0, 0, 0, 0, 0, 0
339, 13, 171, 56, 23, 0, 0, 92, 0, 0, 0, 0, 0, 0, 0
339, 14, 169, 56, 21, 0, 0, 92, 0, 0, 0, 0, 0, 0, 0
339, 63, 152, 56, 0, 0, 0, 96, 0, 0, 0, 0, 0, 0, 0
340, 0, 206, 40, 83, 12, 0, 66, 5, 0, 0, 0, 0, 0, 0
340, 1, 337, 70, 129, 33, 8, 92, 5, 0, 0, 0, 0, 0, 0
340, 2, 435, 48, 210, 33, 8, 116, 20, 0, 0, 0, 0, 0, 0
340, 3, 265, 48, 91, 24, 8, 84, 10, 0, 0, 0, 0, 0, 0
340, 4, 251, 56, 94, 15, 8, 68, 10, 0, 0, 0, 0, 0, 0
340, 5, 318, 52, 152, 15, 0, 94, 5, 0, 0, 0, 0, 0, 0
340, 6, 170, 58, 20, 0, 0, 92, 0, 0, 0, 0, 0, 0, 0
340, 7, 160, 56, 18, 0, 0, 86, 0, 0, 0, 0, 0, 0, 0
340, 8, 168, 54, 22, 0, 0, 92, 0, 0, 0, 0, 0, 0, 0
340, 9, 170, 56, 20, 0, 0, 94, 0, 0, 0, 0, 0, 0, 0
340, 11, 167, 56, 19, 0, 0, 92, 0, 0, 0, 0, 0, 0, 0
340, 12, 163, 54, 17, 0, 0, 92, 0, 0, 0, 0, 0, 0, 0
340, 13, 171, 56, 23, 0, 0, 92, 0, 0, 0, 0, 0, 0, 0
340, 14, 169, 56, 21, 0, 0, 92, 0, 0, 0, 0, 0, 0, 0
340, 63, 152, 56, 0, 0, 0, 96, 0, 0, 0, 0, 0, 0, 0
341, 0, 206, 40, 83, 12, 0, 66, 5, 0, 0, 0, 0, 0, 0
341, 1, 339, 70, 129, 33, 8, 94, 5, 0, 0, 0, 0, 0, 0
341, 2, 437, 48, 210, 33, 8, 118, 20, 0, 0, 0, 0, 0, 0
341, 3, 266, 48, 92, 24, 8, 84, 10, 0, 0, 0, 0, 0, 0
341, 4, 253, 56, 94, 15, 8, 70, 10, 0, 0, 0, 0, 0, 0
341, 5, 323, 54, 153, 15, 0, 96, 5, 0, 0, 0, 0, 0, 0
341, 6, 170, 58, 20, 0, 0, 92, 0, 0, 0, 0, 0, 0, 0
341, 7, 162, 56, 18, 0, 0, 88, 0, 0, 0, 0, 0, 0, 0
341, 8, 168, 54, 22, 0, 0, 92, 0, 0, 0, 0, 0, 0, 0
341, 9, 170, 56, 20, 0, 0, 94, 0, 0, 0, 0, 0, 0, 0
341, 11, 167, 56, 19, 0, 0, 92, 0, 0, 0, 0, 0, 0, 0
341, 12, 163, 54, 17, 0, 0, 92, 0, 0, 0, 0, 0, 0, 0
341, 13, 171, 56, 23, 0, 0, 92, 0, 0, 0, 0, 0, 0, 0
341, 14, 169, 56, 21, 0, 0, 92, 0, 0, 0, 0, 0, 0, 0
341, 63, 152, 56, 0, 0, 0, 96, 0, 0, 0, 0, 0, 0, 0
342, 0, 206, 40, 83, 12, 0, 66, 5, 0, 0, 0, 0, 0, 0
342, 1, 339, 70, 129, 33, 8, 94, 5, 0, 0, 0, 0, 0, 0
342, 2, 441, 48, 211, 36, 8, 118, 20, 0, 0, 0, 0, 0, 0
342, 3, 268, 48, 92, 24, 8, 86, 10, 0, 0, 0, 0, 0, 0
342, 4, 256, 56, 95, 15, 8, 72, 10, 0, 0, 0, 0, 0, 0
342, 5, 323, 54, 153, 15, 0, 96, 5, 0, 0, 0, 0, 0, 0
342, 6, 170, 58, 20, 0, 0, 92, 0, 0, 0, 0, 0, 0, 0
342, 7, 164, 56, 18, 0, 0, 90, 0, 0, 0, 0, 0, 0, 0
342, 8, 168, 54, 22, 0, 0, 92, 0, 0, 0, 0, 0, 0, 0
342, 9, 171, 56, 21, 0, 0, 94, 0, 0, 0, 0, 0, 0, 0
342, 11, 167, 56, 19, 0, 0, 92, 0, 0, 0, 0, 0, 0, 0
342, 12, 163, 54, 17, 0, 0, 92, 0, 0, 0, 0, 0, 0, 0
342, 13, 171, 56, 23, 0, 0, 92, 0, 0, 0, 0, 0, 0, 0
342, 14, 169, 56, 21, 0, 0, 92, 0, 0, 0, 0, 0, 0, 0
342, 63, 152, 56, 0, 0, 0, 96, 0, 0, 0, 0, 0, 0, 0
343, 0, 206, 40, 83, 12, 0, 66, 5, 0, 0, 0, 0, 0, 0
343, 1, 339, 70, 129, 33, 8, 94, 5, 0, 0, 0, 0, 0, 0
343, 2, 441, 48, 211, 36, 8, 118, 20, 0, 0, 0, 0, 0, 0
343, 3, 271, 50, 93, 24, 8, 86, 10, 0, 0, 0, 0, 0, 0
343, 4, 256, 56, 95, 15, 8, 72, 10, 0, 0, 0, 0, 0, 0
343, 5, 323, 54, 153, 15, 0, 96, 5, 0, 0, 0, 0, 0, 0
343, 6, 170, 58, 20, 0, 0, 92, 0, 0, 0, 0, 0, 0, 0
343, 7, 166, 56, 18, 0, 0, 92, 0, 0, 0, 0, 0, 0, 0
343, 8, 168, 54, 22, 0, 0, 92, 0, 0, 0, 0, 0, 0, 0
343, 9, 171, 56, 21, 0, 0, 94, 0, 0, 0, 0, 0, 0, 0
343, 11, 167, 56, 19, 0, 0, 92, 0, 0, 0, 0, 0, 0, 0
343, 12, 163, 54, 17, 0, 0, 92, 0, 0, 0, 0, 0, 0, 0
343, 13, 171, 56, 23, 0, 0, 92, 0, 0, 0, 0, 0, 0, 0
343, 14, 169, 56, 21, 0, 0, 92, 0, 0, 0, 0, 0, 0, 0
343, 63, 152, 56, 0, 0, 0, 96, 0, 0, 0, 0, 0, 0, 0
344, 0, 206, 40, 83, 12, 0, 66, 5, 0, 0, 0, 0, 0, 0
344, 1, 339, 70, 129, 33, 8, 94, 5, 0, 0, 0, 0, 0, 0
344, 2, 441, 48, 211, 36, 8, 118, 20, 0, 0, 0, 0, 0, 0
344, 3, 270, 50, 92, 24, 8, 86, 10, 0, 0, 0, 0, 0, 0
344, 4, 256, 56, 95, 15, 8, 72, 10, 0, 0, 0, 0, 0, 0
344, 5, 323, 54, 153, 15, 0, 96, 5, 0, 0, 0, 0, 0, 0
344, 6, 170, 58, 20, 0, 0, 92, 0, 0, 0, 0, 0, 0, 0
344, 7, 168, 56, 18, 0, 0, 94, 0, 0, 0, 0, 0, 0, 0
344, 8, 168, 54, 22, 0, 0, 92, 0, 0, 0, 0, 0, 0, 0
344, 9, 171, 56, 21, 0, 0, 94, 0, 0, 0, 0, 0, 0, 0
344, 11, 167, 56, 19, 0, 0, 92, 0, 0, 0, 0, 0, 0, 0
344, 12, 163, 54, 17, 0, 0, 92, 0, 0, 0, 0, 0, 0, 0
344, 13, 173, 58, 23, 0, 0, 92, 0, 0, 0, 0, 0, 0, 0
344, 14, 169, 56, 21, 0, 0, 92, 0, 0, 0, 0, 0, 0, 0
344, 63, 152, 56, 0, 0, 0, 96, 0, 0, 0, 0, 0, 0, 0
345, 0, 206, 40, 83, 12, 0, 66, 5, 0, 0, 0, 0, 0, 0
345, 1, 342, 70, 132, 33, 8, 94, 5, 0, 0, 0, 0, 0, 0
345, 2, 443, 48, 211, 36, 8, 120, 20, 0, 0, 0, 0, 0, 0
345, 3, 270, 50, 92, 24, 8, 86, 10, 0, 0, 0, 0, 0, 0
345, 4, 258, 56, 95, 15, 8, 74, 10, 0, 0, 0, 0, 0, 0
345, 5, 323, 54, 153, 15, 0, 96, 5, 0, 0, 0, 0, 0, 0
345, 6, 170, 58, 20, 0, 0, 92, 0, 0, 0, 0, 0, 0, 0
345, 7, 170, 56, 18, 0, 0, 96, 0, 0, 0, 0, 0, 0, 0
345, 8, 168, 54, 22, 0, 0, 92, 0, 0, 0, 0, 0, 0, 0
345, 9, 171, 56, 21, 0, 0, 94, 0, 0, 0, 0, 0, 0, 0
345, 11, 167, 56, 19, 0, 0, 92, 0, 0, 0, 0, 0, 0, 0
345, 12, 163, 54, 17, 0, 0, 92, 0, 0, 0, 0, 0, 0, 0
345, 13, 173, 58, 23, 0, 0, 92, 0, 0, 0, 0, 0, 0, 0
345, 14, 169, 56, 21, 0, 0, 92, 0, 0, 0, 0, 0, 0, 0
345, 63, 152, 56, 0, 0, 0, 96, 0, 0, 0, 0, 0, 0, 0
346, 0, 206, 40, 83, 12, 0, 66, 5, 0, 0, 0, 0, 0, 0
346, 1, 347, 70, 132, 33, 8, 94, 10, 0, 0, 0, 0, 0, 0
346, 2, 447, 48, 215, 36, 8, 120, 20, 0, 0, 0, 0, 0, 0
346, 3, 271, 50, 93, 24, 8, 86, 10, 0, 0, 0, 0, 0, 0
346, 4, 258, 56, 95, 15, 8, 74, 10, 0, 0, 0, 0, 0, 0
346, 5, 323, 54, 153, 15, 0, 96, 5, 0, 0, 0, 0, 0, 0
346, 6, 170, 58, 20, 0, 0, 92, 0, 0, 0, 0, 0, 0, 0
346, 7, 170, 56, 18, 0, 0, 96, 0, 0, 0, 0, 0, 0, 0
346, 8, 169, 54, 23, 0, 0, 92, 0, 0, 0, 0, 0, 0, 0
346, 9, 171, 56, 21, 0, 0, 94, 0, 0, 0, 0, 0, 0, 0
346, 11, 167, 56, 19, 0, 0, 92, 0, 0, 0, 0, 0, 0, 0
346, 12, 163, 54, 17, 0, 0, 92, 0, 0, 0, 0, 0, 0, 0
346, 13, 173, 58, 23, 0, 0, 92, 0, 0, 0, 0, 0, 0, 0
346, 14, 169, 56, 21, 0, 0, 92, 0, 0, 0, 0, 0, 0, 0
346, 63, 152, 56, 0, 0, 0, 96, 0, 0, 0, 0, 0, 0, 0
347, 0, 206, 40, 83, 12, 0, 66, 5, 0, 0, 0, 0, 0, 0
347, 1, 347, 70, 132, 33, 8, 94, 10, 0, 0, 0, 0, 0, 0
347, 2, 448, 48, 216, 36, 8, 120, 20, 0, 0, 0, 0, 0, 0
347, 3, 271, 50, 93, 24, 8, 86, 10, 0, 0, 0, 0, 0, 0
347, 4, 258, 56, 95, 15, 8, 74, 10, 0, 0, 0, 0, 0, 0
347, 5, 323, 54, 153, 15, 0, 96, 5, 0, 0, 0, 0, 0, 0
347, 6, 170, 58, 20, 0, 0, 92, 0, 0, 0, 0, 0, 0, 0
347, 7, 171, 56, 19, 0, 0, 96, 0, 0, 0, 0, 0, 0, 0
347, 8, 169, 54, 23, 0, 0, 92, 0, 0, 0, 0, 0, 0, 0
347, 9, 171, 56, 21, 0, 0, 94, 0, 0, 0, 0, 0, 0, 0
347, 11, 169, 58, 19, 0, 0, 92, 0, 0, 0, 0, 0, 0, 0
347, 12, 163, 54, 17, 0, 0, 92, 0, 0, 0, 0, 0, 0, 0
347, 13, 173, 58, 23, 0, 0, 92, 0, 0, 0, 0, 0, 0, 0
347, 14, 169, 56, 21, 0, 0, 92, 0, 0, 0, 0, 0, 0, 0
347, 63, 152, 56, 0, 0, 0, 96, 0, 0, 0, 0, 0, 0, 0
348, 0, 207, 40, 84, 12, 0, 66, 5, 0, 0, 0, 0, 0, 0
348, 1, 348, 70, 133, 33, 8, 94, 10, 0, 0, 0, 0, 0, 0
348, 2, 452, 50, 216, 36, 8, 122, 20, 0, 0, 0, 0, 0, 0
348, 3, 271, 50, 93, 24, 8, 86, 10, 0, 0, 0, 0, 0, 0
348, 4, 258, 56, 95, 15, 8, 74, 10, 0, 0, 0, 0, 0, 0
348, 5, 323, 54, 153, 15, 0, 96, 5, 0, 0, 0, 0, 0, 0
348, 6, 170, 58, 20, 0, 0, 92, 0, 0, 0, 0, 0, 0, 0
348, 7, 171, 56, 19, 0, 0, 96, 0, 0, 0, 0, 0, 0, 0
348, 8, 169, 54, 23, 0, 0, 92, 0, 0, 0, 0, 0, 0, 0
348, 9, 171, 56, 21, 0, 0, 94, 0, 0, 0, 0, 0, 0, 0
348, 11, 169, 58, 19, 0, 0, 92, 0, 0, 0, 0, 0, 0, 0
348, 12, 163, 54, 17, 0, 0, 92, 0, 0, 0, 0, 0, 0, 0
348, 13, 173, 58, 23, 0, 0, 92, 0, 0, 0, 0, 0, 0, 0
348, 14, 169, 56, 21, 0, 0, 92, 0, 0, 0, 0, 0, 0, 0
348, 63, 152, 56, 0, 0, 0, 96, 0, 0, 0, 0, 0, 0, 0
349, 0, 209, 40, 84, 12, 0, 68, 5, 0, 0, 0, 0, 0, 0
349, 1, 348, 70, 133, 33, 8, 94, 10, 0, 0, 0, 0, 0, 0
349, 2, 452, 50, 216, 36, 8, 122, 20, 0, 0, 0, 0, 0, 0
349, 3, 271, 50, 93, 24, 8, 86, 10, 0, 0, 0, 0, 0, 0
349, 4, 265, 56, 102, 15, 8, 74, 10, 0, 0, 0, 0, 0, 0
349, 5, 323, 54, 153, 15, 0, 96, 5, 0, 0, 0, 0, 0, 0
349, 6, 170, 58, 20, 0, 0, 92, 0, 0, 0, 0, 0, 0, 0
349, 7, 171, 56, 19, 0, 0, 96, 0, 0, 0, 0, 0, 0, 0
349, 8, 169, 54, 23, 0, 0, 92, 0, 0, 0, 0, 0, 0, 0
349, 9, 171, 56, 21, 0, 0, 94, 0, 0, 0, 0, 0, 0, 0
349, 11, 169, 58, 19, 0, 0, 92, 0, 0, 0, 0, 0, 0, 0
349, 12, 163, 54, 17, 0, 0, 92, 0, 0, 0, 0, 0, 0, 0
349, 13, 173, 58, 23, 0, 0, 92, 0, 0, 0, 0, 0, 0, 0
349, 14, 169, 56, 21, 0, 0, 92, 0, 0, 0, 0, 0, 0, 0
349, 63, 152, 56, 0, 0, 0, 96, 0, 0, 0, 0, 0, 0, 0
350, 0, 209, 40, 84, 12, 0, 68, 5, 0, 0, 0, 0, 0, 0
350, 1, 348, 70, 133, 33, 8, 94, 10, 0, 0, 0, 0, 0, 0
350, 2, 455, 50, 219, 36, 8, 122, 20, 0, 0, 0, 0, 0, 0
350, 3, 273, 50, 93, 24, 8, 88, 10, 0, 0, 0, 0, 0, 0
350, 4, 270, 56, 105, 15, 8, 76, 10, 0, 0, 0, 0, 0, 0
350, 5, 323, 54, 153, 15, 0, 96, 5, 0, 0, 0, 0, 0, 0
350, 6, 170, 58, 20, 0, 0, 92, 0, 0, 0, 0, 0, 0, 0
350, 7, 171, 56, 19, 0, 0, 96, 0, 0, 0, 0, 0, 0, 0
350, 8, 169, 54, 23, 0, 0, 92, 0, 0, 0, 0, 0, 0, 0
350, 9, 171, 56, 21, 0, 0, 94, 0, 0, 0, 0, 0, 0, 0
350, 11, 169, 58, 19, 0, 0, 92, 0, 0, 0, 0, 0, 0, 0
350, 12, 163, 54, 17, 0, 0, 92, 0, 0, 0, 0, 0, 0, 0
350, 13, 173, 58, 23, 0, 0, 92, 0, 0, 0, 0, 0, 0, 0
350, 14, 169, 56, 21, 0, 0, 92, 0, 0, 0, 0, 0, 0, 0
350, 63, 152, 56, 0, 0, 0, 96, 0, 0, 0, 0, 0, 0, 0
351, 0, 210, 40, 85, 12, 0, 68, 5, 0, 0, 0, 0, 0, 0
351, 1, 348, 70, 133, 33, 8, 94, 10, 0, 0, 0, 0, 0, 0
351, 2, 455, 50, 219, 36, 8, 122, 20, 0, 0, 0, 0, 0, 0
351, 3, 273, 50, 93, 24, 8, 88, 10, 0, 0, 0, 0, 0, 0
351, 4, 270, 56, 105, 15, 8, 76, 10, 0, 0, 0, 0, 0, 0
351, 5, 323, 54, 153, 15, 0, 96, 5, 0, 0, 0, 0, 0, 0
351, 6, 170, 58, 20, 0, 0, 92, 0, 0, 0, 0, 0, 0, 0
351, 7, 171, 56, 19, 0, 0, 96, 0, 0, 0, 0, 0, 0, 0
351, 8, 169, 54, 23, 0, 0, 92, 0, 0, 0, 0, 0, 0, 0
351, 9, 171, 56, 21, 0, 0, 94, 0, 0, 0, 0, 0, 0, 0
351, 11, 169, 58, 19, 0, 0, 92, 0, 0, 0, 0, 0, 0, 0
351, 12, 163, 54, 17, 0, 0, 92, 0, 0, 0, 0, 0, 0, 0
351, 13, 173, 58, 23, 0, 0, 92, 0, 0, 0, 0, 0, 0, 0
351, 14, 169, 56, 21, 0, 0, 92, 0, 0, 0, 0, 0, 0, 0
351, 63, 152, 56, 0, 0, 0, 96, 0, 0, 0, 0, 0, 0, 0
352, 0, 210, 40, 85, 12, 0, 68, 5, 0, 0, 0, 0, 0, 0
352, 1, 348, 70, 133, 33, 8, 94, 10, 0, 0, 0, 0, 0, 0
352, 2, 455, 50, 219, 36, 8, 122, 20, 0, 0, 0, 0, 0, 0
352, 3, 273, 50, 93, 24, 8, 88, 10, 0, 0, 0, 0, 0, 0
352, 4, 270, 56, 105, 15, 8, 76, 10, 0, 0, 0, 0, 0, 0
352, 5, 328, 54, 153, 18, 0, 98, 5, 0, 0, 0, 0, 0, 0
352, 6, 170, 58, 20, 0, 0, 92, 0, 0, 0, 0, 0, 0, 0
352, 7, 171, 56, 19, 0, 0, 96, 0, 0, 0, 0, 0, 0, 0
352, 8, 169, 54, 23, 0, 0, 92, 0, 0, 0, 0, 0, 0, 0
352, 9, 171, 56, 21, 0, 0, 94, 0, 0, 0, 0, 0, 0, 0
352, 11, 169, 58, 19, 0, 0, 92, 0, 0, 0, 0, 0, 0, 0
352, 12, 163, 54, 17, 0, 0, 92, 0, 0, 0, 0, 0, 0, 0
352, 13, 173, 58, 23, 0, 0, 92, 0, 0, 0, 0, 0, 0, 0
352, 14, 169, 56, 21, 0, 0, 92, 0, 0, 0, 0, 0, 0, 0
352, 63, 154, 56, 0, 0, 0, 98, 0, 0, 0, 0, 0, 0, 0
353, 0, 210, 40, 85, 12, 0, 68, 5, 0, 0, 0, 0, 0, 0
353, 1, 348, 70, 133, 33, 8, 94, 10, 0, 0, 0, 0, 0, 0
353, 2, 456, 50, 220, 36, 8, 122, 20, 0, 0, 0, 0, 0, 0
353, 3, 273, 50, 93, 24, 8, 88, 10, 0, 0, 0, 0, 0, 0
353, 4, 271, 56, 106, 15, 8, 76, 10, 0, 0, 0, 0, 0, 0
353, 5, 327, 54, 152, 18, 0, 98, 5, 0, 0, 0, 0, 0, 0
353, 6, 171, 58, 21, 0, 0, 92, 0, 0, 0, 0, 0, 0, 0
353, 7, 171, 56, 19, 0, 0, 96, 0, 0, 0, 0, 0, 0, 0
353, 8, 169, 54, 23, 0, 0, 92, 0, 0, 0, 0, 0, 0, 0
353, 9, 171, 56, 21, 0, 0, 94, 0, 0, 0, 0, 0, 0, 0
353, 11, 169, 58, 19, 0, 0, 92, 0, 0, 0, 0, 0, 0, 0
353, 12, 163, 54, 17, 0, 0, 92, 0, 0, 0, 0, 0, 0, 0
353, 13, 173, 58, 23, 0, 0, 92, 0, 0, 0, 0, 0, 0, 0
353, 14, 169, 56, 21, 0, 0, 92, 0, 0, 0, 0, 0, 0, 0
353, 63, 154, 56, 0, 0, 0, 98, 0, 0, 0, 0, 0, 0, 0
354, 0, 210, 40, 85, 12, 0, 68, 5, 0, 0, 0, 0, 0, 0
