Turn, PlayerIndex, Control, HeroesDiscovered, HeroesClaimed, HeroesRecalled, DiscoveryOrder
228, 0, Human, 0, 0, 0, Rebuilding Discovery Order
228, 1, AI, 0, 0, 0, Rebuilding Discovery Order
228, 2, AI, 0, 0, 0, Rebuilding Discovery Order
228, 3, AI, 0, 0, 0, Rebuilding Discovery Order
228, 4, AI, 0, 0, 0, Rebuilding Discovery Order
228, 5, AI, 0, 0, 0, Rebuilding Discovery Order
229, 0, Human, 0, 0, 0, Rebuilding Discovery Order
229, 1, AI, 0, 0, 0, Rebuilding Discovery Order
229, 2, AI, 0, 0, 0, Rebuilding Discovery Order
229, 3, AI, 0, 0, 0, Rebuilding Discovery Order
229, 4, AI, 0, 0, 0, Rebuilding Discovery Order
229, 5, AI, 0, 0, 0, Rebuilding Discovery Order
230, 0, Human, 0, 0, 0, Rebuilding Discovery Order
230, 1, AI, 0, 0, 0, Rebuilding Discovery Order
230, 2, AI, 0, 0, 0, Rebuilding Discovery Order
230, 3, AI, 0, 0, 0, Rebuilding Discovery Order
230, 4, AI, 0, 0, 0, Rebuilding Discovery Order
230, 5, AI, 0, 0, 0, Rebuilding Discovery Order
231, 0, Human, 0, 0, 0, Rebuilding Discovery Order
231, 1, AI, 0, 0, 0, Rebuilding Discovery Order
231, 2, AI, 0, 0, 0, Rebuilding Discovery Order
231, 3, AI, 0, 0, 0, Rebuilding Discovery Order
231, 4, AI, 0, 0, 0, Rebuilding Discovery Order
231, 5, AI, 0, 0, 0, Rebuilding Discovery Order
232, 0, Human, 0, 0, 0, Rebuilding Discovery Order
232, 1, AI, 0, 0, 0, Rebuilding Discovery Order
232, 2, AI, 0, 0, 0, Rebuilding Discovery Order
232, 3, AI, 0, 0, 0, Rebuilding Discovery Order
232, 4, AI, 0, 0, 0, Rebuilding Discovery Order
232, 5, AI, 0, 0, 0, Rebuilding Discovery Order
233, 0, Human, 0, 0, 0, Rebuilding Discovery Order
233, 1, AI, 0, 0, 0, Rebuilding Discovery Order
233, 2, AI, 0, 0, 0, Rebuilding Discovery Order
233, 3, AI, 0, 0, 0, Rebuilding Discovery Order
233, 4, AI, 0, 0, 0, Rebuilding Discovery Order
233, 5, AI, 0, 0, 0, Rebuilding Discovery Order
234, 0, Human, 0, 0, 0, Rebuilding Discovery Order
234, 1, AI, 0, 0, 0, Rebuilding Discovery Order
234, 2, AI, 0, 0, 0, Rebuilding Discovery Order
234, 3, AI, 0, 0, 0, Rebuilding Discovery Order
234, 4, AI, 0, 0, 0, Rebuilding Discovery Order
234, 5, AI, 0, 0, 0, Rebuilding Discovery Order
235, 0, Human, 0, 0, 0, Rebuilding Discovery Order
235, 1, AI, 0, 0, 0, Rebuilding Discovery Order
235, 2, AI, 0, 0, 0, Rebuilding Discovery Order
235, 3, AI, 0, 0, 0, Rebuilding Discovery Order
235, 4, AI, 0, 0, 0, Rebuilding Discovery Order
235, 5, AI, 0, 0, 0, Rebuilding Discovery Order
236, 0, Human, 0, 0, 0, Rebuilding Discovery Order
236, 1, AI, 0, 0, 0, Rebuilding Discovery Order
236, 2, AI, 0, 0, 0, Rebuilding Discovery Order
236, 3, AI, 0, 0, 0, Rebuilding Discovery Order
236, 4, AI, 0, 0, 0, Rebuilding Discovery Order
236, 5, AI, 0, 0, 0, Rebuilding Discovery Order
237, 0, Human, 0, 0, 0, Rebuilding Discovery Order
237, 1, AI, 0, 0, 0, Rebuilding Discovery Order
237, 2, AI, 0, 0, 0, Rebuilding Discovery Order
237, 3, AI, 0, 0, 0, Rebuilding Discovery Order
237, 4, AI, 0, 0, 0, Rebuilding Discovery Order
237, 5, AI, 0, 0, 0, Rebuilding Discovery Order
238, 0, Human, 0, 0, 0, Rebuilding Discovery Order
238, 1, AI, 0, 0, 0, Rebuilding Discovery Order
238, 2, AI, 0, 0, 0, Rebuilding Discovery Order
238, 3, AI, 0, 0, 0, Rebuilding Discovery Order
238, 4, AI, 0, 0, 0, Rebuilding Discovery Order
238, 5, AI, 0, 0, 0, Rebuilding Discovery Order
239, 0, Human, 0, 0, 0, Rebuilding Discovery Order
239, 1, AI, 0, 0, 0, Rebuilding Discovery Order
239, 2, AI, 0, 0, 0, Rebuilding Discovery Order
239, 3, AI, 0, 0, 0, Rebuilding Discovery Order
239, 4, AI, 0, 0, 0, Rebuilding Discovery Order
239, 5, AI, 0, 0, 0, Rebuilding Discovery Order
240, 0, Human, 0, 0, 0, Rebuilding Discovery Order
240, 1, AI, 0, 0, 0, Rebuilding Discovery Order
240, 2, AI, 0, 0, 0, Rebuilding Discovery Order
240, 3, AI, 0, 0, 0, Rebuilding Discovery Order
240, 4, AI, 0, 0, 0, Rebuilding Discovery Order
240, 5, AI, 0, 0, 0, Rebuilding Discovery Order
241, 0, Human, 0, 0, 0, Rebuilding Discovery Order
241, 1, AI, 0, 0, 0, Rebuilding Discovery Order
241, 2, AI, 0, 0, 0, Rebuilding Discovery Order
241, 3, AI, 0, 0, 0, Rebuilding Discovery Order
241, 4, AI, 0, 0, 0, Rebuilding Discovery Order
241, 5, AI, 0, 0, 0, Rebuilding Discovery Order
242, 0, Human, 0, 0, 0, Rebuilding Discovery Order
242, 1, AI, 0, 0, 0, Rebuilding Discovery Order
242, 2, AI, 0, 0, 0, Rebuilding Discovery Order
242, 3, AI, 0, 0, 0, Rebuilding Discovery Order
242, 4, AI, 0, 0, 0, Rebuilding Discovery Order
242, 5, AI, 0, 0, 0, Rebuilding Discovery Order
243, 0, Human, 0, 0, 0, Rebuilding Discovery Order
243, 1, AI, 0, 0, 0, Rebuilding Discovery Order
243, 2, AI, 0, 0, 0, Rebuilding Discovery Order
243, 3, AI, 0, 0, 0, Rebuilding Discovery Order
243, 4, AI, 0, 0, 0, Rebuilding Discovery Order
243, 5, AI, 0, 0, 0, Rebuilding Discovery Order
244, 0, Human, 0, 0, 0, Rebuilding Discovery Order
244, 1, AI, 0, 0, 0, Rebuilding Discovery Order
244, 2, AI, 0, 0, 0, Rebuilding Discovery Order
244, 3, AI, 0, 0, 0, Rebuilding Discovery Order
244, 4, AI, 0, 0, 0, Rebuilding Discovery Order
244, 5, AI, 0, 0, 0, Rebuilding Discovery Order
245, 0, Human, 0, 0, 0, Rebuilding Discovery Order
245, 1, AI, 0, 0, 0, Rebuilding Discovery Order
245, 2, AI, 0, 0, 0, Rebuilding Discovery Order
245, 3, AI, 0, 0, 0, Rebuilding Discovery Order
245, 4, AI, 0, 0, 0, Rebuilding Discovery Order
245, 5, AI, 0, 0, 0, Rebuilding Discovery Order
246, 0, Human, 0, 0, 0, Rebuilding Discovery Order
246, 1, AI, 0, 0, 0, Rebuilding Discovery Order
246, 2, AI, 0, 0, 0, Rebuilding Discovery Order
246, 3, AI, 0, 0, 0, Rebuilding Discovery Order
246, 4, AI, 0, 0, 0, Rebuilding Discovery Order
246, 5, AI, 0, 0, 0, Rebuilding Discovery Order
247, 0, Human, 0, 0, 0, Rebuilding Discovery Order
247, 1, AI, 0, 0, 0, Rebuilding Discovery Order
247, 2, AI, 0, 0, 0, Rebuilding Discovery Order
247, 3, AI, 0, 0, 0, Rebuilding Discovery Order
247, 4, AI, 0, 0, 0, Rebuilding Discovery Order
247, 5, AI, 0, 0, 0, Rebuilding Discovery Order
248, 0, Human, 0, 0, 0, Rebuilding Discovery Order
248, 1, AI, 0, 0, 0, Rebuilding Discovery Order
248, 2, AI, 0, 0, 0, Rebuilding Discovery Order
248, 3, AI, 0, 0, 0, Rebuilding Discovery Order
248, 4, AI, 0, 0, 0, Rebuilding Discovery Order
248, 5, AI, 0, 0, 0, Rebuilding Discovery Order
249, 0, Human, 0, 0, 0, Rebuilding Discovery Order
249, 1, AI, 0, 0, 0, Rebuilding Discovery Order
249, 2, AI, 0, 0, 0, Rebuilding Discovery Order
249, 3, AI, 0, 0, 0, Rebuilding Discovery Order
249, 4, AI, 0, 0, 0, Rebuilding Discovery Order
249, 5, AI, 0, 0, 0, Rebuilding Discovery Order
250, 0, Human, 0, 0, 0, Rebuilding Discovery Order
250, 1, AI, 0, 0, 0, Rebuilding Discovery Order
250, 2, AI, 0, 0, 0, Rebuilding Discovery Order
250, 3, AI, 0, 0, 0, Rebuilding Discovery Order
250, 4, AI, 0, 0, 0, Rebuilding Discovery Order
250, 5, AI, 0, 0, 0, Rebuilding Discovery Order
251, 0, Human, 0, 0, 0, Rebuilding Discovery Order
251, 1, AI, 0, 0, 0, Rebuilding Discovery Order
251, 2, AI, 0, 0, 0, Rebuilding Discovery Order
251, 3, AI, 0, 0, 0, Rebuilding Discovery Order
251, 4, AI, 0, 0, 0, Rebuilding Discovery Order
251, 5, AI, 0, 0, 0, Rebuilding Discovery Order
252, 0, Human, 0, 0, 0, Rebuilding Discovery Order
252, 1, AI, 0, 0, 0, Rebuilding Discovery Order
252, 2, AI, 0, 0, 0, Rebuilding Discovery Order
252, 3, AI, 0, 0, 0, Rebuilding Discovery Order
252, 4, AI, 0, 0, 0, Rebuilding Discovery Order
252, 5, AI, 0, 0, 0, Rebuilding Discovery Order
253, 0, Human, 0, 0, 0, Rebuilding Discovery Order
253, 1, AI, 0, 0, 0, Rebuilding Discovery Order
253, 2, AI, 0, 0, 0, Rebuilding Discovery Order
253, 3, AI, 0, 0, 0, Rebuilding Discovery Order
253, 4, AI, 0, 0, 0, Rebuilding Discovery Order
253, 5, AI, 0, 0, 0, Rebuilding Discovery Order
254, 0, Human, 0, 0, 0, Rebuilding Discovery Order
254, 1, AI, 0, 0, 0, Rebuilding Discovery Order
254, 2, AI, 0, 0, 0, Rebuilding Discovery Order
254, 3, AI, 0, 0, 0, Rebuilding Discovery Order
254, 4, AI, 0, 0, 0, Rebuilding Discovery Order
254, 5, AI, 0, 0, 0, Rebuilding Discovery Order
255, 0, Human, 0, 0, 0, Rebuilding Discovery Order
255, 1, AI, 0, 0, 0, Rebuilding Discovery Order
255, 2, AI, 0, 0, 0, Rebuilding Discovery Order
255, 3, AI, 0, 0, 0, Rebuilding Discovery Order
255, 4, AI, 0, 0, 0, Rebuilding Discovery Order
255, 5, AI, 0, 0, 0, Rebuilding Discovery Order
256, 0, Human, 0, 0, 0, Rebuilding Discovery Order
256, 1, AI, 0, 0, 0, Rebuilding Discovery Order
256, 2, AI, 0, 0, 0, Rebuilding Discovery Order
256, 3, AI, 0, 0, 0, Rebuilding Discovery Order
256, 4, AI, 0, 0, 0, Rebuilding Discovery Order
256, 5, AI, 0, 0, 0, Rebuilding Discovery Order
257, 0, Human, 0, 0, 0, Rebuilding Discovery Order
257, 1, AI, 0, 0, 0, Rebuilding Discovery Order
257, 2, AI, 0, 0, 0, Rebuilding Discovery Order
257, 3, AI, 0, 0, 0, Rebuilding Discovery Order
257, 4, AI, 0, 0, 0, Rebuilding Discovery Order
257, 5, AI, 0, 0, 0, Rebuilding Discovery Order
258, 0, Human, 0, 0, 0, Rebuilding Discovery Order
258, 1, AI, 0, 0, 0, Rebuilding Discovery Order
258, 2, AI, 0, 0, 0, Rebuilding Discovery Order
258, 3, AI, 0, 0, 0, Rebuilding Discovery Order
258, 4, AI, 0, 0, 0, Rebuilding Discovery Order
258, 5, AI, 0, 0, 0, Rebuilding Discovery Order
259, 0, Human, 0, 0, 0, Rebuilding Discovery Order
259, 1, AI, 0, 0, 0, Rebuilding Discovery Order
259, 2, AI, 0, 0, 0, Rebuilding Discovery Order
259, 3, AI, 0, 0, 0, Rebuilding Discovery Order
259, 4, AI, 0, 0, 0, Rebuilding Discovery Order
259, 5, AI, 0, 0, 0, Rebuilding Discovery Order
260, 0, Human, 0, 0, 0, Rebuilding Discovery Order
260, 1, AI, 0, 0, 0, Rebuilding Discovery Order
260, 2, AI, 0, 0, 0, Rebuilding Discovery Order
260, 3, AI, 0, 0, 0, Rebuilding Discovery Order
260, 4, AI, 0, 0, 0, Rebuilding Discovery Order
260, 5, AI, 0, 0, 0, Rebuilding Discovery Order
261, 0, Human, 0, 0, 0, Rebuilding Discovery Order
261, 1, AI, 0, 0, 0, Rebuilding Discovery Order
261, 2, AI, 0, 0, 0, Rebuilding Discovery Order
261, 3, AI, 0, 0, 0, Rebuilding Discovery Order
261, 4, AI, 0, 0, 0, Rebuilding Discovery Order
261, 5, AI, 0, 0, 0, Rebuilding Discovery Order
262, 0, Human, 0, 0, 0, Rebuilding Discovery Order
262, 1, AI, 0, 0, 0, Rebuilding Discovery Order
262, 2, AI, 0, 0, 0, Rebuilding Discovery Order
262, 3, AI, 0, 0, 0, Rebuilding Discovery Order
262, 4, AI, 0, 0, 0, Rebuilding Discovery Order
262, 5, AI, 0, 0, 0, Rebuilding Discovery Order
263, 0, Human, 0, 0, 0, Rebuilding Discovery Order
263, 1, AI, 0, 0, 0, Rebuilding Discovery Order
263, 2, AI, 0, 0, 0, Rebuilding Discovery Order
263, 3, AI, 0, 0, 0, Rebuilding Discovery Order
263, 4, AI, 0, 0, 0, Rebuilding Discovery Order
263, 5, AI, 0, 0, 0, Rebuilding Discovery Order
264, 0, Human, 0, 0, 0, Rebuilding Discovery Order
264, 1, AI, 0, 0, 0, Rebuilding Discovery Order
264, 2, AI, 0, 0, 0, Rebuilding Discovery Order
264, 3, AI, 0, 0, 0, Rebuilding Discovery Order
264, 4, AI, 0, 0, 0, Rebuilding Discovery Order
264, 5, AI, 0, 0, 0, Rebuilding Discovery Order
265, 0, Human, 0, 0, 0, Rebuilding Discovery Order
265, 1, AI, 0, 0, 0, Rebuilding Discovery Order
265, 2, AI, 0, 0, 0, Rebuilding Discovery Order
265, 3, AI, 0, 0, 0, Rebuilding Discovery Order
265, 4, AI, 0, 0, 0, Rebuilding Discovery Order
265, 5, AI, 0, 0, 0, Rebuilding Discovery Order
266, 0, Human, 0, 0, 0, Rebuilding Discovery Order
266, 1, AI, 0, 0, 0, Rebuilding Discovery Order
266, 2, AI, 0, 0, 0, Rebuilding Discovery Order
266, 3, AI, 0, 0, 0, Rebuilding Discovery Order
266, 4, AI, 0, 0, 0, Rebuilding Discovery Order
266, 5, AI, 0, 0, 0, Rebuilding Discovery Order
267, 0, Human, 0, 0, 0, Rebuilding Discovery Order
267, 1, AI, 0, 0, 0, Rebuilding Discovery Order
267, 2, AI, 0, 0, 0, Rebuilding Discovery Order
267, 3, AI, 0, 0, 0, Rebuilding Discovery Order
267, 4, AI, 0, 0, 0, Rebuilding Discovery Order
267, 5, AI, 0, 0, 0, Rebuilding Discovery Order
268, 0, Human, 0, 0, 0, Rebuilding Discovery Order
268, 1, AI, 0, 0, 0, Rebuilding Discovery Order
268, 2, AI, 0, 0, 0, Rebuilding Discovery Order
268, 3, AI, 0, 0, 0, Rebuilding Discovery Order
268, 4, AI, 0, 0, 0, Rebuilding Discovery Order
268, 5, AI, 0, 0, 0, Rebuilding Discovery Order
269, 0, Human, 0, 0, 0, Rebuilding Discovery Order
269, 1, AI, 0, 0, 0, Rebuilding Discovery Order
269, 2, AI, 0, 0, 0, Rebuilding Discovery Order
269, 3, AI, 0, 0, 0, Rebuilding Discovery Order
269, 4, AI, 0, 0, 0, Rebuilding Discovery Order
269, 5, AI, 0, 0, 0, Rebuilding Discovery Order
270, 0, Human, 0, 0, 0, Rebuilding Discovery Order
270, 1, AI, 0, 0, 0, Rebuilding Discovery Order
270, 2, AI, 0, 0, 0, Rebuilding Discovery Order
270, 3, AI, 0, 0, 0, Rebuilding Discovery Order
270, 4, AI, 0, 0, 0, Rebuilding Discovery Order
270, 5, AI, 0, 0, 0, Rebuilding Discovery Order
271, 0, Human, 0, 0, 0, Rebuilding Discovery Order
271, 1, AI, 0, 0, 0, Rebuilding Discovery Order
271, 2, AI, 0, 0, 0, Rebuilding Discovery Order
271, 3, AI, 0, 0, 0, Rebuilding Discovery Order
271, 4, AI, 0, 0, 0, Rebuilding Discovery Order
271, 5, AI, 0, 0, 0, Rebuilding Discovery Order
272, 0, Human, 0, 0, 0, Rebuilding Discovery Order
272, 1, AI, 0, 0, 0, Rebuilding Discovery Order
272, 2, AI, 0, 0, 0, Rebuilding Discovery Order
272, 3, AI, 0, 0, 0, Rebuilding Discovery Order
272, 4, AI, 0, 0, 0, Rebuilding Discovery Order
272, 5, AI, 0, 0, 0, Rebuilding Discovery Order
273, 0, Human, 0, 0, 0, Rebuilding Discovery Order
273, 1, AI, 0, 0, 0, Rebuilding Discovery Order
273, 2, AI, 0, 0, 0, Rebuilding Discovery Order
273, 3, AI, 0, 0, 0, Rebuilding Discovery Order
273, 4, AI, 0, 0, 0, Rebuilding Discovery Order
273, 5, AI, 0, 0, 0, Rebuilding Discovery Order
274, 0, Human, 0, 0, 0, Rebuilding Discovery Order
274, 1, AI, 0, 0, 0, Rebuilding Discovery Order
274, 2, AI, 0, 0, 0, Rebuilding Discovery Order
274, 3, AI, 0, 0, 0, Rebuilding Discovery Order
274, 4, AI, 0, 0, 0, Rebuilding Discovery Order
274, 5, AI, 0, 0, 0, Rebuilding Discovery Order
275, 0, Human, 0, 0, 0, Rebuilding Discovery Order
275, 1, AI, 0, 0, 0, Rebuilding Discovery Order
275, 2, AI, 0, 0, 0, Rebuilding Discovery Order
275, 3, AI, 0, 0, 0, Rebuilding Discovery Order
275, 4, AI, 0, 0, 0, Rebuilding Discovery Order
275, 5, AI, 0, 0, 0, Rebuilding Discovery Order
276, 0, Human, 0, 0, 0, Rebuilding Discovery Order
276, 1, AI, 0, 0, 0, Rebuilding Discovery Order
276, 2, AI, 0, 0, 0, Rebuilding Discovery Order
276, 3, AI, 0, 0, 0, Rebuilding Discovery Order
276, 4, AI, 0, 0, 0, Rebuilding Discovery Order
276, 5, AI, 0, 0, 0, Rebuilding Discovery Order
277, 0, Human, 0, 0, 0, Rebuilding Discovery Order
277, 1, AI, 0, 0, 0, Rebuilding Discovery Order
277, 2, AI, 0, 0, 0, Rebuilding Discovery Order
277, 3, AI, 0, 0, 0, Rebuilding Discovery Order
277, 4, AI, 0, 0, 0, Rebuilding Discovery Order
277, 5, AI, 0, 0, 0, Rebuilding Discovery Order
278, 0, Human, 0, 0, 0, Rebuilding Discovery Order
278, 1, AI, 0, 0, 0, Rebuilding Discovery Order
278, 2, AI, 0, 0, 0, Rebuilding Discovery Order
278, 3, AI, 0, 0, 0, Rebuilding Discovery Order
278, 4, AI, 0, 0, 0, Rebuilding Discovery Order
278, 5, AI, 0, 0, 0, Rebuilding Discovery Order
279, 0, Human, 0, 0, 0, Rebuilding Discovery Order
279, 1, AI, 0, 0, 0, Rebuilding Discovery Order
279, 2, AI, 0, 0, 0, Rebuilding Discovery Order
279, 3, AI, 0, 0, 0, Rebuilding Discovery Order
279, 4, AI, 0, 0, 0, Rebuilding Discovery Order
279, 5, AI, 0, 0, 0, Rebuilding Discovery Order
280, 0, Human, 0, 0, 0, Rebuilding Discovery Order
280, 1, AI, 0, 0, 0, Rebuilding Discovery Order
280, 2, AI, 0, 0, 0, Rebuilding Discovery Order
280, 3, AI, 0, 0, 0, Rebuilding Discovery Order
280, 4, AI, 0, 0, 0, Rebuilding Discovery Order
280, 5, AI, 0, 0, 0, Rebuilding Discovery Order
281, 0, Human, 0, 0, 0, Rebuilding Discovery Order
281, 1, AI, 0, 0, 0, Rebuilding Discovery Order
281, 2, AI, 0, 0, 0, Rebuilding Discovery Order
281, 3, AI, 0, 0, 0, Rebuilding Discovery Order
281, 4, AI, 0, 0, 0, Rebuilding Discovery Order
281, 5, AI, 0, 0, 0, Rebuilding Discovery Order
282, 0, Human, 0, 0, 0, Rebuilding Discovery Order
282, 1, AI, 0, 0, 0, Rebuilding Discovery Order
282, 2, AI, 0, 0, 0, Rebuilding Discovery Order
282, 3, AI, 0, 0, 0, Rebuilding Discovery Order
282, 4, AI, 0, 0, 0, Rebuilding Discovery Order
282, 5, AI, 0, 0, 0, Rebuilding Discovery Order
283, 0, Human, 0, 0, 0, Rebuilding Discovery Order
283, 1, AI, 0, 0, 0, Rebuilding Discovery Order
283, 2, AI, 0, 0, 0, Rebuilding Discovery Order
283, 3, AI, 0, 0, 0, Rebuilding Discovery Order
283, 4, AI, 0, 0, 0, Rebuilding Discovery Order
283, 5, AI, 0, 0, 0, Rebuilding Discovery Order
284, 0, Human, 0, 0, 0, Rebuilding Discovery Order
284, 1, AI, 0, 0, 0, Rebuilding Discovery Order
284, 2, AI, 0, 0, 0, Rebuilding Discovery Order
284, 3, AI, 0, 0, 0, Rebuilding Discovery Order
284, 4, AI, 0, 0, 0, Rebuilding Discovery Order
284, 5, AI, 0, 0, 0, Rebuilding Discovery Order
285, 0, Human, 0, 0, 0, Rebuilding Discovery Order
285, 1, AI, 0, 0, 0, Rebuilding Discovery Order
285, 2, AI, 0, 0, 0, Rebuilding Discovery Order
285, 3, AI, 0, 0, 0, Rebuilding Discovery Order
285, 4, AI, 0, 0, 0, Rebuilding Discovery Order
285, 5, AI, 0, 0, 0, Rebuilding Discovery Order
286, 0, Human, 0, 0, 0, Rebuilding Discovery Order
286, 1, AI, 0, 0, 0, Rebuilding Discovery Order
286, 2, AI, 0, 0, 0, Rebuilding Discovery Order
286, 3, AI, 0, 0, 0, Rebuilding Discovery Order
286, 4, AI, 0, 0, 0, Rebuilding Discovery Order
286, 5, AI, 0, 0, 0, Rebuilding Discovery Order
287, 0, Human, 0, 0, 0, Rebuilding Discovery Order
287, 1, AI, 0, 0, 0, Rebuilding Discovery Order
287, 2, AI, 0, 0, 0, Rebuilding Discovery Order
287, 3, AI, 0, 0, 0, Rebuilding Discovery Order
287, 4, AI, 0, 0, 0, Rebuilding Discovery Order
287, 5, AI, 0, 0, 0, Rebuilding Discovery Order
288, 0, Human, 0, 0, 0, Rebuilding Discovery Order
288, 1, AI, 0, 0, 0, Rebuilding Discovery Order
288, 2, AI, 0, 0, 0, Rebuilding Discovery Order
288, 3, AI, 0, 0, 0, Rebuilding Discovery Order
288, 4, AI, 0, 0, 0, Rebuilding Discovery Order
288, 5, AI, 0, 0, 0, Rebuilding Discovery Order
289, 0, Human, 0, 0, 0, Rebuilding Discovery Order
289, 1, AI, 0, 0, 0, Rebuilding Discovery Order
289, 2, AI, 0, 0, 0, Rebuilding Discovery Order
289, 3, AI, 0, 0, 0, Rebuilding Discovery Order
289, 4, AI, 0, 0, 0, Rebuilding Discovery Order
289, 5, AI, 0, 0, 0, Rebuilding Discovery Order
290, 0, Human, 0, 0, 0, Rebuilding Discovery Order
290, 1, AI, 0, 0, 0, Rebuilding Discovery Order
290, 2, AI, 0, 0, 0, Rebuilding Discovery Order
290, 3, AI, 0, 0, 0, Rebuilding Discovery Order
290, 4, AI, 0, 0, 0, Rebuilding Discovery Order
290, 5, AI, 0, 0, 0, Rebuilding Discovery Order
291, 0, Human, 0, 0, 0, Rebuilding Discovery Order
291, 1, AI, 0, 0, 0, Rebuilding Discovery Order
291, 2, AI, 0, 0, 0, Rebuilding Discovery Order
291, 3, AI, 0, 0, 0, Rebuilding Discovery Order
291, 4, AI, 0, 0, 0, Rebuilding Discovery Order
291, 5, AI, 0, 0, 0, Rebuilding Discovery Order
292, 0, Human, 0, 0, 0, Rebuilding Discovery Order
292, 1, AI, 0, 0, 0, Rebuilding Discovery Order
292, 2, AI, 0, 0, 0, Rebuilding Discovery Order
292, 3, AI, 0, 0, 0, Rebuilding Discovery Order
292, 4, AI, 0, 0, 0, Rebuilding Discovery Order
292, 5, AI, 0, 0, 0, Rebuilding Discovery Order
293, 0, Human, 0, 0, 0, Rebuilding Discovery Order
293, 1, AI, 0, 0, 0, Rebuilding Discovery Order
293, 2, AI, 0, 0, 0, Rebuilding Discovery Order
293, 3, AI, 0, 0, 0, Rebuilding Discovery Order
293, 4, AI, 0, 0, 0, Rebuilding Discovery Order
293, 5, AI, 0, 0, 0, Rebuilding Discovery Order
294, 0, Human, 0, 0, 0, Rebuilding Discovery Order
294, 1, AI, 0, 0, 0, Rebuilding Discovery Order
294, 2, AI, 0, 0, 0, Rebuilding Discovery Order
294, 3, AI, 0, 0, 0, Rebuilding Discovery Order
294, 4, AI, 0, 0, 0, Rebuilding Discovery Order
294, 5, AI, 0, 0, 0, Rebuilding Discovery Order
295, 0, Human, 0, 0, 0, Rebuilding Discovery Order
295, 1, AI, 0, 0, 0, Rebuilding Discovery Order
295, 2, AI, 0, 0, 0, Rebuilding Discovery Order
295, 3, AI, 0, 0, 0, Rebuilding Discovery Order
295, 4, AI, 0, 0, 0, Rebuilding Discovery Order
295, 5, AI, 0, 0, 0, Rebuilding Discovery Order
296, 0, Human, 0, 0, 0, Rebuilding Discovery Order
296, 1, AI, 0, 0, 0, Rebuilding Discovery Order
296, 2, AI, 0, 0, 0, Rebuilding Discovery Order
296, 3, AI, 0, 0, 0, Rebuilding Discovery Order
296, 4, AI, 0, 0, 0, Rebuilding Discovery Order
296, 5, AI, 0, 0, 0, Rebuilding Discovery Order
297, 0, Human, 0, 0, 0, Rebuilding Discovery Order
297, 1, AI, 0, 0, 0, Rebuilding Discovery Order
297, 2, AI, 0, 0, 0, Rebuilding Discovery Order
297, 3, AI, 0, 0, 0, Rebuilding Discovery Order
297, 4, AI, 0, 0, 0, Rebuilding Discovery Order
297, 5, AI, 0, 0, 0, Rebuilding Discovery Order
298, 0, Human, 0, 0, 0, Rebuilding Discovery Order
298, 1, AI, 0, 0, 0, Rebuilding Discovery Order
298, 2, AI, 0, 0, 0, Rebuilding Discovery Order
298, 3, AI, 0, 0, 0, Rebuilding Discovery Order
298, 4, AI, 0, 0, 0, Rebuilding Discovery Order
298, 5, AI, 0, 0, 0, Rebuilding Discovery Order
299, 0, Human, 0, 0, 0, Rebuilding Discovery Order
299, 1, AI, 0, 0, 0, Rebuilding Discovery Order
299, 2, AI, 0, 0, 0, Rebuilding Discovery Order
299, 3, AI, 0, 0, 0, Rebuilding Discovery Order
299, 4, AI, 0, 0, 0, Rebuilding Discovery Order
299, 5, AI, 0, 0, 0, Rebuilding Discovery Order
300, 0, Human, 0, 0, 0, Rebuilding Discovery Order
300, 1, AI, 0, 0, 0, Rebuilding Discovery Order
300, 2, AI, 0, 0, 0, Rebuilding Discovery Order
300, 3, AI, 0, 0, 0, Rebuilding Discovery Order
300, 4, AI, 0, 0, 0, Rebuilding Discovery Order
300, 5, AI, 0, 0, 0, Rebuilding Discovery Order
301, 0, Human, 0, 0, 0, Rebuilding Discovery Order
301, 1, AI, 0, 0, 0, Rebuilding Discovery Order
301, 2, AI, 0, 0, 0, Rebuilding Discovery Order
301, 3, AI, 0, 0, 0, Rebuilding Discovery Order
301, 4, AI, 0, 0, 0, Rebuilding Discovery Order
301, 5, AI, 0, 0, 0, Rebuilding Discovery Order
302, 0, Human, 0, 0, 0, Rebuilding Discovery Order
302, 1, AI, 0, 0, 0, Rebuilding Discovery Order
302, 2, AI, 0, 0, 0, Rebuilding Discovery Order
302, 3, AI, 0, 0, 0, Rebuilding Discovery Order
302, 4, AI, 0, 0, 0, Rebuilding Discovery Order
302, 5, AI, 0, 0, 0, Rebuilding Discovery Order
303, 0, Human, 0, 0, 0, Rebuilding Discovery Order
303, 1, AI, 0, 0, 0, Rebuilding Discovery Order
303, 2, AI, 0, 0, 0, Rebuilding Discovery Order
303, 3, AI, 0, 0, 0, Rebuilding Discovery Order
303, 4, AI, 0, 0, 0, Rebuilding Discovery Order
303, 5, AI, 0, 0, 0, Rebuilding Discovery Order
304, 0, Human, 0, 0, 0, Rebuilding Discovery Order
304, 1, AI, 0, 0, 0, Rebuilding Discovery Order
304, 2, AI, 0, 0, 0, Rebuilding Discovery Order
304, 3, AI, 0, 0, 0, Rebuilding Discovery Order
304, 4, AI, 0, 0, 0, Rebuilding Discovery Order
304, 5, AI, 0, 0, 0, Rebuilding Discovery Order
305, 0, Human, 0, 0, 0, Rebuilding Discovery Order
305, 1, AI, 0, 0, 0, Rebuilding Discovery Order
305, 2, AI, 0, 0, 0, Rebuilding Discovery Order
305, 3, AI, 0, 0, 0, Rebuilding Discovery Order
305, 4, AI, 0, 0, 0, Rebuilding Discovery Order
305, 5, AI, 0, 0, 0, Rebuilding Discovery Order
306, 0, Human, 0, 0, 0, Rebuilding Discovery Order
306, 1, AI, 0, 0, 0, Rebuilding Discovery Order
306, 2, AI, 0, 0, 0, Rebuilding Discovery Order
306, 3, AI, 0, 0, 0, Rebuilding Discovery Order
306, 4, AI, 0, 0, 0, Rebuilding Discovery Order
306, 5, AI, 0, 0, 0, Rebuilding Discovery Order
307, 0, Human, 0, 0, 0, Rebuilding Discovery Order
307, 1, AI, 0, 0, 0, Rebuilding Discovery Order
307, 2, AI, 0, 0, 0, Rebuilding Discovery Order
307, 3, AI, 0, 0, 0, Rebuilding Discovery Order
307, 4, AI, 0, 0, 0, Rebuilding Discovery Order
307, 5, AI, 0, 0, 0, Rebuilding Discovery Order
308, 0, Human, 0, 0, 0, Rebuilding Discovery Order
308, 1, AI, 0, 0, 0, Rebuilding Discovery Order
308, 2, AI, 0, 0, 0, Rebuilding Discovery Order
308, 3, AI, 0, 0, 0, Rebuilding Discovery Order
308, 4, AI, 0, 0, 0, Rebuilding Discovery Order
308, 5, AI, 0, 0, 0, Rebuilding Discovery Order
309, 0, Human, 0, 0, 0, Rebuilding Discovery Order
309, 1, AI, 0, 0, 0, Rebuilding Discovery Order
309, 2, AI, 0, 0, 0, Rebuilding Discovery Order
309, 3, AI, 0, 0, 0, Rebuilding Discovery Order
309, 4, AI, 0, 0, 0, Rebuilding Discovery Order
309, 5, AI, 0, 0, 0, Rebuilding Discovery Order
310, 0, Human, 0, 0, 0, Rebuilding Discovery Order
310, 1, AI, 0, 0, 0, Rebuilding Discovery Order
310, 2, AI, 0, 0, 0, Rebuilding Discovery Order
310, 3, AI, 0, 0, 0, Rebuilding Discovery Order
310, 4, AI, 0, 0, 0, Rebuilding Discovery Order
310, 5, AI, 0, 0, 0, Rebuilding Discovery Order
311, 0, Human, 0, 0, 0, Rebuilding Discovery Order
311, 1, AI, 0, 0, 0, Rebuilding Discovery Order
311, 2, AI, 0, 0, 0, Rebuilding Discovery Order
311, 3, AI, 0, 0, 0, Rebuilding Discovery Order
311, 4, AI, 0, 0, 0, Rebuilding Discovery Order
311, 5, AI, 0, 0, 0, Rebuilding Discovery Order
312, 0, Human, 0, 0, 0, Rebuilding Discovery Order
312, 1, AI, 0, 0, 0, Rebuilding Discovery Order
312, 2, AI, 0, 0, 0, Rebuilding Discovery Order
312, 3, AI, 0, 0, 0, Rebuilding Discovery Order
312, 4, AI, 0, 0, 0, Rebuilding Discovery Order
312, 5, AI, 0, 0, 0, Rebuilding Discovery Order
313, 0, Human, 0, 0, 0, Rebuilding Discovery Order
313, 1, AI, 0, 0, 0, Rebuilding Discovery Order
313, 2, AI, 0, 0, 0, Rebuilding Discovery Order
313, 3, AI, 0, 0, 0, Rebuilding Discovery Order
313, 4, AI, 0, 0, 0, Rebuilding Discovery Order
313, 5, AI, 0, 0, 0, Rebuilding Discovery Order
314, 0, Human, 0, 0, 0, Rebuilding Discovery Order
314, 1, AI, 0, 0, 0, Rebuilding Discovery Order
314, 2, AI, 0, 0, 0, Rebuilding Discovery Order
314, 3, AI, 0, 0, 0, Rebuilding Discovery Order
314, 4, AI, 0, 0, 0, Rebuilding Discovery Order
314, 5, AI, 0, 0, 0, Rebuilding Discovery Order
315, 0, Human, 0, 0, 0, Rebuilding Discovery Order
315, 1, AI, 0, 0, 0, Rebuilding Discovery Order
315, 2, AI, 0, 0, 0, Rebuilding Discovery Order
315, 3, AI, 0, 0, 0, Rebuilding Discovery Order
315, 4, AI, 0, 0, 0, Rebuilding Discovery Order
315, 5, AI, 0, 0, 0, Rebuilding Discovery Order
316, 0, Human, 0, 0, 0, Rebuilding Discovery Order
316, 1, AI, 0, 0, 0, Rebuilding Discovery Order
316, 2, AI, 0, 0, 0, Rebuilding Discovery Order
316, 3, AI, 0, 0, 0, Rebuilding Discovery Order
316, 4, AI, 0, 0, 0, Rebuilding Discovery Order
316, 5, AI, 0, 0, 0, Rebuilding Discovery Order
317, 0, Human, 0, 0, 0, Rebuilding Discovery Order
317, 1, AI, 0, 0, 0, Rebuilding Discovery Order
317, 2, AI, 0, 0, 0, Rebuilding Discovery Order
317, 3, AI, 0, 0, 0, Rebuilding Discovery Order
317, 4, AI, 0, 0, 0, Rebuilding Discovery Order
317, 5, AI, 0, 0, 0, Rebuilding Discovery Order
318, 0, Human, 0, 0, 0, Rebuilding Discovery Order
318, 1, AI, 0, 0, 0, Rebuilding Discovery Order
318, 2, AI, 0, 0, 0, Rebuilding Discovery Order
318, 3, AI, 0, 0, 0, Rebuilding Discovery Order
318, 4, AI, 0, 0, 0, Rebuilding Discovery Order
318, 5, AI, 0, 0, 0, Rebuilding Discovery Order
319, 0, Human, 0, 0, 0, Rebuilding Discovery Order
319, 1, AI, 0, 0, 0, Rebuilding Discovery Order
319, 2, AI, 0, 0, 0, Rebuilding Discovery Order
319, 3, AI, 0, 0, 0, Rebuilding Discovery Order
319, 4, AI, 0, 0, 0, Rebuilding Discovery Order
319, 5, AI, 0, 0, 0, Rebuilding Discovery Order
320, 0, Human, 0, 0, 0, Rebuilding Discovery Order
320, 1, AI, 0, 0, 0, Rebuilding Discovery Order
320, 2, AI, 0, 0, 0, Rebuilding Discovery Order
320, 3, AI, 0, 0, 0, Rebuilding Discovery Order
320, 4, AI, 0, 0, 0, Rebuilding Discovery Order
320, 5, AI, 0, 0, 0, Rebuilding Discovery Order
321, 0, Human, 0, 0, 0, Rebuilding Discovery Order
321, 1, AI, 0, 0, 0, Rebuilding Discovery Order
321, 2, AI, 0, 0, 0, Rebuilding Discovery Order
321, 3, AI, 0, 0, 0, Rebuilding Discovery Order
321, 4, AI, 0, 0, 0, Rebuilding Discovery Order
321, 5, AI, 0, 0, 0, Rebuilding Discovery Order
322, 0, Human, 0, 0, 0, Rebuilding Discovery Order
322, 1, AI, 0, 0, 0, Rebuilding Discovery Order
322, 2, AI, 0, 0, 0, Rebuilding Discovery Order
322, 3, AI, 0, 0, 0, Rebuilding Discovery Order
322, 4, AI, 0, 0, 0, Rebuilding Discovery Order
322, 5, AI, 0, 0, 0, Rebuilding Discovery Order
323, 0, Human, 0, 0, 0, Rebuilding Discovery Order
323, 1, AI, 0, 0, 0, Rebuilding Discovery Order
323, 2, AI, 0, 0, 0, Rebuilding Discovery Order
323, 3, AI, 0, 0, 0, Rebuilding Discovery Order
323, 4, AI, 0, 0, 0, Rebuilding Discovery Order
323, 5, AI, 0, 0, 0, Rebuilding Discovery Order
324, 0, Human, 0, 0, 0, Rebuilding Discovery Order
324, 1, AI, 0, 0, 0, Rebuilding Discovery Order
324, 2, AI, 0, 0, 0, Rebuilding Discovery Order
324, 3, AI, 0, 0, 0, Rebuilding Discovery Order
324, 4, AI, 0, 0, 0, Rebuilding Discovery Order
324, 5, AI, 0, 0, 0, Rebuilding Discovery Order
325, 0, Human, 0, 0, 0, Rebuilding Discovery Order
325, 1, AI, 0, 0, 0, Rebuilding Discovery Order
325, 2, AI, 0, 0, 0, Rebuilding Discovery Order
325, 3, AI, 0, 0, 0, Rebuilding Discovery Order
325, 4, AI, 0, 0, 0, Rebuilding Discovery Order
325, 5, AI, 0, 0, 0, Rebuilding Discovery Order
326, 0, Human, 0, 0, 0, Rebuilding Discovery Order
326, 1, AI, 0, 0, 0, Rebuilding Discovery Order
326, 2, AI, 0, 0, 0, Rebuilding Discovery Order
326, 3, AI, 0, 0, 0, Rebuilding Discovery Order
326, 4, AI, 0, 0, 0, Rebuilding Discovery Order
326, 5, AI, 0, 0, 0, Rebuilding Discovery Order
327, 0, Human, 0, 0, 0, Rebuilding Discovery Order
327, 1, AI, 0, 0, 0, Rebuilding Discovery Order
327, 2, AI, 0, 0, 0, Rebuilding Discovery Order
327, 3, AI, 0, 0, 0, Rebuilding Discovery Order
327, 4, AI, 0, 0, 0, Rebuilding Discovery Order
327, 5, AI, 0, 0, 0, Rebuilding Discovery Order
328, 0, Human, 0, 0, 0, Rebuilding Discovery Order
328, 1, AI, 0, 0, 0, Rebuilding Discovery Order
328, 2, AI, 0, 0, 0, Rebuilding Discovery Order
328, 3, AI, 0, 0, 0, Rebuilding Discovery Order
328, 4, AI, 0, 0, 0, Rebuilding Discovery Order
328, 5, AI, 0, 0, 0, Rebuilding Discovery Order
329, 0, Human, 0, 0, 0, Rebuilding Discovery Order
329, 1, AI, 0, 0, 0, Rebuilding Discovery Order
329, 2, AI, 0, 0, 0, Rebuilding Discovery Order
329, 3, AI, 0, 0, 0, Rebuilding Discovery Order
329, 4, AI, 0, 0, 0, Rebuilding Discovery Order
329, 5, AI, 0, 0, 0, Rebuilding Discovery Order
330, 0, Human, 0, 0, 0, Rebuilding Discovery Order
330, 1, AI, 0, 0, 0, Rebuilding Discovery Order
330, 2, AI, 0, 0, 0, Rebuilding Discovery Order
330, 3, AI, 0, 0, 0, Rebuilding Discovery Order
330, 4, AI, 0, 0, 0, Rebuilding Discovery Order
330, 5, AI, 0, 0, 0, Rebuilding Discovery Order
331, 0, Human, 0, 0, 0, Rebuilding Discovery Order
331, 1, AI, 0, 0, 0, Rebuilding Discovery Order
331, 2, AI, 0, 0, 0, Rebuilding Discovery Order
331, 3, AI, 0, 0, 0, Rebuilding Discovery Order
331, 4, AI, 0, 0, 0, Rebuilding Discovery Order
331, 5, AI, 0, 0, 0, Rebuilding Discovery Order
332, 0, Human, 0, 0, 0, Rebuilding Discovery Order
332, 1, AI, 0, 0, 0, Rebuilding Discovery Order
332, 2, AI, 0, 0, 0, Rebuilding Discovery Order
332, 3, AI, 0, 0, 0, Rebuilding Discovery Order
332, 4, AI, 0, 0, 0, Rebuilding Discovery Order
332, 5, AI, 0, 0, 0, Rebuilding Discovery Order
333, 0, Human, 0, 0, 0, Rebuilding Discovery Order
333, 1, AI, 0, 0, 0, Rebuilding Discovery Order
333, 2, AI, 0, 0, 0, Rebuilding Discovery Order
333, 3, AI, 0, 0, 0, Rebuilding Discovery Order
333, 4, AI, 0, 0, 0, Rebuilding Discovery Order
333, 5, AI, 0, 0, 0, Rebuilding Discovery Order
334, 0, Human, 0, 0, 0, Rebuilding Discovery Order
334, 1, AI, 0, 0, 0, Rebuilding Discovery Order
334, 2, AI, 0, 0, 0, Rebuilding Discovery Order
334, 3, AI, 0, 0, 0, Rebuilding Discovery Order
334, 4, AI, 0, 0, 0, Rebuilding Discovery Order
334, 5, AI, 0, 0, 0, Rebuilding Discovery Order
335, 0, Human, 0, 0, 0, Rebuilding Discovery Order
335, 1, AI, 0, 0, 0, Rebuilding Discovery Order
335, 2, AI, 0, 0, 0, Rebuilding Discovery Order
335, 3, AI, 0, 0, 0, Rebuilding Discovery Order
335, 4, AI, 0, 0, 0, Rebuilding Discovery Order
335, 5, AI, 0, 0, 0, Rebuilding Discovery Order
336, 0, Human, 0, 0, 0, Rebuilding Discovery Order
336, 1, AI, 0, 0, 0, Rebuilding Discovery Order
336, 2, AI, 0, 0, 0, Rebuilding Discovery Order
336, 3, AI, 0, 0, 0, Rebuilding Discovery Order
336, 4, AI, 0, 0, 0, Rebuilding Discovery Order
336, 5, AI, 0, 0, 0, Rebuilding Discovery Order
337, 0, Human, 0, 0, 0, Rebuilding Discovery Order
337, 1, AI, 0, 0, 0, Rebuilding Discovery Order
337, 2, AI, 0, 0, 0, Rebuilding Discovery Order
337, 3, AI, 0, 0, 0, Rebuilding Discovery Order
337, 4, AI, 0, 0, 0, Rebuilding Discovery Order
337, 5, AI, 0, 0, 0, Rebuilding Discovery Order
338, 0, Human, 0, 0, 0, Rebuilding Discovery Order
338, 1, AI, 0, 0, 0, Rebuilding Discovery Order
338, 2, AI, 0, 0, 0, Rebuilding Discovery Order
338, 3, AI, 0, 0, 0, Rebuilding Discovery Order
338, 4, AI, 0, 0, 0, Rebuilding Discovery Order
338, 5, AI, 0, 0, 0, Rebuilding Discovery Order
339, 0, Human, 0, 0, 0, Rebuilding Discovery Order
339, 1, AI, 0, 0, 0, Rebuilding Discovery Order
339, 2, AI, 0, 0, 0, Rebuilding Discovery Order
339, 3, AI, 0, 0, 0, Rebuilding Discovery Order
339, 4, AI, 0, 0, 0, Rebuilding Discovery Order
339, 5, AI, 0, 0, 0, Rebuilding Discovery Order
340, 0, Human, 0, 0, 0, Rebuilding Discovery Order
340, 1, AI, 0, 0, 0, Rebuilding Discovery Order
340, 2, AI, 0, 0, 0, Rebuilding Discovery Order
340, 3, AI, 0, 0, 0, Rebuilding Discovery Order
340, 4, AI, 0, 0, 0, Rebuilding Discovery Order
340, 5, AI, 0, 0, 0, Rebuilding Discovery Order
341, 0, Human, 0, 0, 0, Rebuilding Discovery Order
341, 1, AI, 0, 0, 0, Rebuilding Discovery Order
341, 2, AI, 0, 0, 0, Rebuilding Discovery Order
341, 3, AI, 0, 0, 0, Rebuilding Discovery Order
341, 4, AI, 0, 0, 0, Rebuilding Discovery Order
341, 5, AI, 0, 0, 0, Rebuilding Discovery Order
342, 0, Human, 0, 0, 0, Rebuilding Discovery Order
342, 1, AI, 0, 0, 0, Rebuilding Discovery Order
342, 2, AI, 0, 0, 0, Rebuilding Discovery Order
342, 3, AI, 0, 0, 0, Rebuilding Discovery Order
342, 4, AI, 0, 0, 0, Rebuilding Discovery Order
342, 5, AI, 0, 0, 0, Rebuilding Discovery Order
343, 0, Human, 0, 0, 0, Rebuilding Discovery Order
343, 1, AI, 0, 0, 0, Rebuilding Discovery Order
343, 2, AI, 0, 0, 0, Rebuilding Discovery Order
343, 3, AI, 0, 0, 0, Rebuilding Discovery Order
343, 4, AI, 0, 0, 0, Rebuilding Discovery Order
343, 5, AI, 0, 0, 0, Rebuilding Discovery Order
344, 0, Human, 0, 0, 0, Rebuilding Discovery Order
344, 1, AI, 0, 0, 0, Rebuilding Discovery Order
344, 2, AI, 0, 0, 0, Rebuilding Discovery Order
344, 3, AI, 0, 0, 0, Rebuilding Discovery Order
344, 4, AI, 0, 0, 0, Rebuilding Discovery Order
344, 5, AI, 0, 0, 0, Rebuilding Discovery Order
345, 0, Human, 0, 0, 0, Rebuilding Discovery Order
345, 1, AI, 0, 0, 0, Rebuilding Discovery Order
345, 2, AI, 0, 0, 0, Rebuilding Discovery Order
345, 3, AI, 0, 0, 0, Rebuilding Discovery Order
345, 4, AI, 0, 0, 0, Rebuilding Discovery Order
345, 5, AI, 0, 0, 0, Rebuilding Discovery Order
346, 0, Human, 0, 0, 0, Rebuilding Discovery Order
346, 1, AI, 0, 0, 0, Rebuilding Discovery Order
346, 2, AI, 0, 0, 0, Rebuilding Discovery Order
346, 3, AI, 0, 0, 0, Rebuilding Discovery Order
346, 4, AI, 0, 0, 0, Rebuilding Discovery Order
346, 5, AI, 0, 0, 0, Rebuilding Discovery Order
347, 0, Human, 0, 0, 0, Rebuilding Discovery Order
347, 1, AI, 0, 0, 0, Rebuilding Discovery Order
347, 2, AI, 0, 0, 0, Rebuilding Discovery Order
347, 3, AI, 0, 0, 0, Rebuilding Discovery Order
347, 4, AI, 0, 0, 0, Rebuilding Discovery Order
347, 5, AI, 0, 0, 0, Rebuilding Discovery Order
348, 0, Human, 0, 0, 0, Rebuilding Discovery Order
348, 1, AI, 0, 0, 0, Rebuilding Discovery Order
348, 2, AI, 0, 0, 0, Rebuilding Discovery Order
348, 3, AI, 0, 0, 0, Rebuilding Discovery Order
348, 4, AI, 0, 0, 0, Rebuilding Discovery Order
348, 5, AI, 0, 0, 0, Rebuilding Discovery Order
349, 0, Human, 0, 0, 0, Rebuilding Discovery Order
349, 1, AI, 0, 0, 0, Rebuilding Discovery Order
349, 2, AI, 0, 0, 0, Rebuilding Discovery Order
349, 3, AI, 0, 0, 0, Rebuilding Discovery Order
349, 4, AI, 0, 0, 0, Rebuilding Discovery Order
349, 5, AI, 0, 0, 0, Rebuilding Discovery Order
350, 0, Human, 0, 0, 0, Rebuilding Discovery Order
350, 1, AI, 0, 0, 0, Rebuilding Discovery Order
350, 2, AI, 0, 0, 0, Rebuilding Discovery Order
350, 3, AI, 0, 0, 0, Rebuilding Discovery Order
350, 4, AI, 0, 0, 0, Rebuilding Discovery Order
350, 5, AI, 0, 0, 0, Rebuilding Discovery Order
351, 0, Human, 0, 0, 0, Rebuilding Discovery Order
351, 1, AI, 0, 0, 0, Rebuilding Discovery Order
351, 2, AI, 0, 0, 0, Rebuilding Discovery Order
351, 3, AI, 0, 0, 0, Rebuilding Discovery Order
351, 4, AI, 0, 0, 0, Rebuilding Discovery Order
351, 5, AI, 0, 0, 0, Rebuilding Discovery Order
352, 0, Human, 0, 0, 0, Rebuilding Discovery Order
352, 1, AI, 0, 0, 0, Rebuilding Discovery Order
352, 2, AI, 0, 0, 0, Rebuilding Discovery Order
352, 3, AI, 0, 0, 0, Rebuilding Discovery Order
352, 4, AI, 0, 0, 0, Rebuilding Discovery Order
352, 5, AI, 0, 0, 0, Rebuilding Discovery Order
353, 0, Human, 0, 0, 0, Rebuilding Discovery Order
353, 1, AI, 0, 0, 0, Rebuilding Discovery Order
353, 2, AI, 0, 0, 0, Rebuilding Discovery Order
353, 3, AI, 0, 0, 0, Rebuilding Discovery Order
353, 4, AI, 0, 0, 0, Rebuilding Discovery Order
353, 5, AI, 0, 0, 0, Rebuilding Discovery Order
354, 0, Human, 0, 0, 0, Rebuilding Discovery Order
354, 1, AI, 0, 0, 0, Rebuilding Discovery Order
354, 2, AI, 0, 0, 0, Rebuilding Discovery Order
354, 3, AI, 0, 0, 0, Rebuilding Discovery Order
354, 4, AI, 0, 0, 0, Rebuilding Discovery Order
354, 5, AI, 0, 0, 0, Rebuilding Discovery Order
